Confirmed Cumulative,Deaths Cumulative,Date,Confirmed Daily,Deaths Daily,Income,Population,Land Area (km2),Population Density
12452,433,2020.04.12,12452,433,61980,10711908,148959,71.91
13315,465,2020.04.13,863,32,61980,10711908,148959,71.91
14578,525,2020.04.14,1263,60,61980,10711908,148959,71.91
14987,552,2020.04.15,409,27,61980,10711908,148959,71.91
15669,587,2020.04.16,682,35,61980,10711908,148959,71.91
17194,650,2020.04.17,1525,63,61980,10711908,148959,71.91
17669,673,2020.04.18,475,23,61980,10711908,148959,71.91
18301,687,2020.04.19,632,14,61980,10711908,148959,71.91
19407,775,2020.04.20,1106,88,61980,10711908,148959,71.91
19881,798,2020.04.21,474,23,61980,10711908,148959,71.91
21214,848,2020.04.22,1333,50,61980,10711908,148959,71.91
21883,881,2020.04.23,669,33,61980,10711908,148959,71.91
22491,899,2020.04.24,608,18,61980,10711908,148959,71.91
23222,907,2020.04.25,731,8,61980,10711908,148959,71.91
23486,916,2020.04.26,264,9,61980,10711908,148959,71.91
24302,995,2020.04.27,816,79,61980,10711908,148959,71.91
24922,1036,2020.04.28,620,41,61980,10711908,148959,71.91
25775,1101,2020.04.29,853,65,61980,10711908,148959,71.91
26264,1132,2020.04.30,489,31,61980,10711908,148959,71.91
27489,1169,2020.05.01,1225,37,61980,10711908,148959,71.91
28331,1177,2020.05.02,842,8,61980,10711908,148959,71.91
28665,1184,2020.05.03,334,7,61980,10711908,148959,71.91
29451,1246,2020.05.04,786,62,61980,10711908,148959,71.91
29998,1299,2020.05.05,547,53,61980,10711908,148959,71.91
30743,1327,2020.05.06,745,28,61980,10711908,148959,71.91
31618,1355,2020.05.07,875,28,61980,10711908,148959,71.91
32181,1400,2020.05.08,563,45,61980,10711908,148959,71.91
32588,1403,2020.05.09,407,3,61980,10711908,148959,71.91
33580,1406,2020.05.10,992,3,61980,10711908,148959,71.91
34002,1444,2020.05.11,422,38,61980,10711908,148959,71.91
34924,1498,2020.05.12,922,54,61980,10711908,148959,71.91
35427,1517,2020.05.13,503,19,61980,10711908,148959,71.91
35977,1545,2020.05.14,550,28,61980,10711908,148959,71.91
36772,1588,2020.05.15,795,43,61980,10711908,148959,71.91
37212,1598,2020.05.16,440,10,61980,10711908,148959,71.91
37579,1610,2020.05.17,367,12,61980,10711908,148959,71.91
38283,1649,2020.05.18,704,39,61980,10711908,148959,71.91
38855,1675,2020.05.19,572,26,61980,10711908,148959,71.91
39801,1697,2020.05.20,946,22,61980,10711908,148959,71.91
40663,1775,2020.05.21,862,78,61980,10711908,148959,71.91
41482,1808,2020.05.22,819,33,61980,10711908,148959,71.91
42242,1822,2020.05.23,760,14,61980,10711908,148959,71.91
42902,1827,2020.05.24,660,5,61980,10711908,148959,71.91
43400,1848,2020.05.25,498,21,61980,10711908,148959,71.91
43983,1896,2020.05.26,583,48,61980,10711908,148959,71.91
44638,1933,2020.05.27,655,37,61980,10711908,148959,71.91
45266,1973,2020.05.28,628,40,61980,10711908,148959,71.91
45881,1987,2020.05.29,615,14,61980,10711908,148959,71.91
46331,2004,2020.05.30,450,17,61980,10711908,148959,71.91
47063,2053,2020.05.31,732,49,61980,10711908,148959,71.91
47902,2094,2020.06.01,839,41,61980,10711908,148959,71.91
48207,2102,2020.06.02,305,8,61980,10711908,148959,71.91
48894,2123,2020.06.03,687,21,61980,10711908,148959,71.91
49859,2149,2020.06.04,965,26,61980,10711908,148959,71.91
50621,2174,2020.06.05,762,25,61980,10711908,148959,71.91
51359,2178,2020.06.06,738,4,61980,10711908,148959,71.91
51898,2180,2020.06.07,539,2,61980,10711908,148959,71.91
52497,2208,2020.06.08,599,28,61980,10711908,148959,71.91
53249,2285,2020.06.09,752,77,61980,10711908,148959,71.91
53980,2329,2020.06.10,731,44,61980,10711908,148959,71.91
54973,2375,2020.06.11,993,46,61980,10711908,148959,71.91
55783,2418,2020.06.12,810,43,61980,10711908,148959,71.91
56804,2447,2020.06.13,1021,29,61980,10711908,148959,71.91
57681,2451,2020.06.14,877,4,61980,10711908,148959,71.91
58414,2494,2020.06.15,733,43,61980,10711908,148959,71.91
59078,2529,2020.06.16,664,35,61980,10711908,148959,71.91
60030,2575,2020.06.17,952,46,61980,10711908,148959,71.91
60912,2605,2020.06.18,882,30,61980,10711908,148959,71.91
62009,2636,2020.06.19,1097,31,61980,10711908,148959,71.91
63809,2642,2020.06.20,1800,6,61980,10711908,148959,71.91
64701,2643,2020.06.21,892,1,61980,10711908,148959,71.91
65928,2648,2020.06.22,1227,5,61980,10711908,148959,71.91
67810,2695,2020.06.23,1882,47,61980,10711908,148959,71.91
69381,2698,2020.06.24,1571,3,61980,10711908,148959,71.91
71095,2745,2020.06.25,1714,47,61980,10711908,148959,71.91
72995,2770,2020.06.26,1900,25,61980,10711908,148959,71.91
74985,2776,2020.06.27,1990,6,61980,10711908,148959,71.91
77210,2778,2020.06.28,2225,2,61980,10711908,148959,71.91
79417,2784,2020.06.29,2207,6,61980,10711908,148959,71.91
81291,2805,2020.06.30,1874,21,61980,10711908,148959,71.91
84242,2827,2020.07.01,2951,22,61980,10711908,148959,71.91
87709,2849,2020.07.02,3467,22,61980,10711908,148959,71.91
90493,2857,2020.07.03,2784,8,61980,10711908,148959,71.91
93319,2857,2020.07.04,2826,0,61980,10711908,148959,71.91
95516,2860,2020.07.05,2197,3,61980,10711908,148959,71.91
97064,2878,2020.07.06,1548,18,61980,10711908,148959,71.91
100470,2899,2020.07.07,3406,21,61980,10711908,148959,71.91
103890,2922,2020.07.08,3420,23,61980,10711908,148959,71.91
106727,2930,2020.07.09,2837,8,61980,10711908,148959,71.91
111217,2965,2020.07.10,4490,35,61980,10711908,148959,71.91
114401,2996,2020.07.11,3184,31,61980,10711908,148959,71.91
116935,3003,2020.07.12,2534,7,61980,10711908,148959,71.91
120572,3026,2020.07.13,3637,23,61980,10711908,148959,71.91
123963,3054,2020.07.14,3391,28,61980,10711908,148959,71.91
127838,3091,2020.07.15,3875,37,61980,10711908,148959,71.91
131287,3105,2020.07.16,3449,14,61980,10711908,148959,71.91
135192,3132,2020.07.17,3905,27,61980,10711908,148959,71.91
139880,3169,2020.07.18,4688,37,61980,10711908,148959,71.91
143129,3174,2020.07.19,3249,5,61980,10711908,148959,71.91
145582,3177,2020.07.20,2453,3,61980,10711908,148959,71.91
148988,3254,2020.07.21,3406,77,61980,10711908,148959,71.91
152302,3335,2020.07.22,3314,81,61980,10711908,148959,71.91
156607,3361,2020.07.23,4305,26,61980,10711908,148959,71.91
161420,3443,2020.07.24,4813,82,61980,10711908,148959,71.91
165188,3494,2020.07.25,3768,51,61980,10711908,148959,71.91
167953,3498,2020.07.26,2765,4,61980,10711908,148959,71.91
170843,3509,2020.07.27,2890,11,61980,10711908,148959,71.91
175052,3563,2020.07.28,4209,54,61980,10711908,148959,71.91
178323,3642,2020.07.29,3271,79,61980,10711908,148959,71.91
182286,3671,2020.07.30,3963,29,61980,10711908,148959,71.91
186352,3752,2020.07.31,4066,81,61980,10711908,148959,71.91
190012,3825,2020.08.01,3660,73,61980,10711908,148959,71.91
193177,3840,2020.08.02,3165,15,61980,10711908,148959,71.91
195435,3842,2020.08.03,2258,2,61980,10711908,148959,71.91
197948,3921,2020.08.04,2513,79,61980,10711908,148959,71.91
201713,3984,2020.08.05,3765,63,61980,10711908,148959,71.91
204895,4026,2020.08.06,3182,42,61980,10711908,148959,71.91
209004,4117,2020.08.07,4109,91,61980,10711908,148959,71.91
213427,4186,2020.08.08,4423,69,61980,10711908,148959,71.91
216596,4199,2020.08.09,3169,13,61980,10711908,148959,71.91
219025,4229,2020.08.10,2429,30,61980,10711908,148959,71.91
222588,4351,2020.08.11,3563,122,61980,10711908,148959,71.91
226153,4456,2020.08.12,3565,105,61980,10711908,148959,71.91
228668,4538,2020.08.13,2515,82,61980,10711908,148959,71.91
231895,4573,2020.08.14,3227,35,61980,10711908,148959,71.91
235168,4669,2020.08.15,3273,96,61980,10711908,148959,71.91
237030,4702,2020.08.16,1862,33,61980,10711908,148959,71.91
238861,4727,2020.08.17,1831,25,61980,10711908,148959,71.91
241677,4794,2020.08.18,2816,67,61980,10711908,148959,71.91
243982,4849,2020.08.19,2305,55,61980,10711908,148959,71.91
246741,4904,2020.08.20,2759,55,61980,10711908,148959,71.91
249630,4998,2020.08.21,2889,94,61980,10711908,148959,71.91
252222,5092,2020.08.22,2592,94,61980,10711908,148959,71.91
253949,5132,2020.08.23,1727,40,61980,10711908,148959,71.91
256253,5156,2020.08.24,2304,24,61980,10711908,148959,71.91
258354,5262,2020.08.25,2101,106,61980,10711908,148959,71.91
260590,5311,2020.08.26,2236,49,61980,10711908,148959,71.91
263074,5393,2020.08.27,2484,82,61980,10711908,148959,71.91
265372,5471,2020.08.28,2298,78,61980,10711908,148959,71.91
267758,5576,2020.08.29,2386,105,61980,10711908,148959,71.91
268973,5604,2020.08.30,1215,28,61980,10711908,148959,71.91
270471,5633,2020.08.31,1498,29,61980,10711908,148959,71.91
272697,5733,2020.09.01,2226,100,61980,10711908,148959,71.91
274613,5795,2020.09.02,1916,62,61980,10711908,148959,71.91
277288,5868,2020.09.03,2675,73,61980,10711908,148959,71.91
279354,5931,2020.09.04,2066,63,61980,10711908,148959,71.91
281548,5977,2020.09.05,2194,46,61980,10711908,148959,71.91
283199,6037,2020.09.06,1651,60,61980,10711908,148959,71.91
283807,6044,2020.09.07,608,7,61980,10711908,148959,71.91
285350,6070,2020.09.08,1543,26,61980,10711908,148959,71.91
287300,6128,2020.09.09,1950,58,61980,10711908,148959,71.91
289123,6204,2020.09.10,1823,76,61980,10711908,148959,71.91
290781,6246,2020.09.11,1658,42,61980,10711908,148959,71.91
292905,6287,2020.09.12,2124,41,61980,10711908,148959,71.91
294314,6333,2020.09.13,1409,46,61980,10711908,148959,71.91
295337,6353,2020.09.14,1023,20,61980,10711908,148959,71.91
296994,6397,2020.09.15,1657,44,61980,10711908,148959,71.91
299056,6419,2020.09.16,2062,22,61980,10711908,148959,71.91
300903,6474,2020.09.17,1847,55,61980,10711908,148959,71.91
302854,6536,2020.09.18,1951,62,61980,10711908,148959,71.91
305021,6599,2020.09.19,2167,63,61980,10711908,148959,71.91
306155,6602,2020.09.20,1134,3,61980,10711908,148959,71.91
307339,6604,2020.09.21,1184,2,61980,10711908,148959,71.91
308294,6673,2020.09.22,955,69,61980,10711908,148959,71.91
310161,6769,2020.09.23,1867,96,61980,10711908,148959,71.91
311698,6816,2020.09.24,1537,47,61980,10711908,148959,71.91
312514,6874,2020.09.25,816,58,61980,10711908,148959,71.91
313873,6914,2020.09.26,1359,40,61980,10711908,148959,71.91
314685,6946,2020.09.27,812,32,61980,10711908,148959,71.91
315281,6961,2020.09.28,596,15,61980,10711908,148959,71.91
316306,6994,2020.09.29,1025,33,61980,10711908,148959,71.91
318026,7021,2020.09.30,1720,27,61980,10711908,148959,71.91
319359,7063,2020.10.01,1333,42,61980,10711908,148959,71.91
320634,7106,2020.10.02,1275,43,61980,10711908,148959,71.91
322169,7133,2020.10.03,1535,27,61980,10711908,148959,71.91
322925,7162,2020.10.04,756,29,61980,10711908,148959,71.91
323714,7192,2020.10.05,789,30,61980,10711908,148959,71.91
324650,7229,2020.10.06,936,37,61980,10711908,148959,71.91
326142,7259,2020.10.07,1492,30,61980,10711908,148959,71.91
327407,7294,2020.10.08,1265,35,61980,10711908,148959,71.91
329032,7348,2020.10.09,1625,54,61980,10711908,148959,71.91
330269,7393,2020.10.10,1237,45,61980,10711908,148959,71.91
331409,7416,2020.10.11,1140,23,61980,10711908,148959,71.91
332311,7429,2020.10.12,902,13,61980,10711908,148959,71.91
333304,7454,2020.10.13,993,25,61980,10711908,148959,71.91
334601,7470,2020.10.14,1297,16,61980,10711908,148959,71.91
336241,7492,2020.10.15,1640,22,61980,10711908,148959,71.91
337850,7556,2020.10.16,1609,64,61980,10711908,148959,71.91
339384,7607,2020.10.17,1534,51,61980,10711908,148959,71.91
340558,7638,2020.10.18,1174,31,61980,10711908,148959,71.91
341310,7657,2020.10.19,752,19,61980,10711908,148959,71.91
342438,7674,2020.10.20,1128,17,61980,10711908,148959,71.91
343750,7704,2020.10.21,1312,30,61980,10711908,148959,71.91
345535,7729,2020.10.22,1785,25,61980,10711908,148959,71.91
347759,7766,2020.10.23,2224,37,61980,10711908,148959,71.91
349605,7808,2020.10.24,1846,42,61980,10711908,148959,71.91
350923,7809,2020.10.25,1318,1,61980,10711908,148959,71.91
351881,7827,2020.10.26,958,18,61980,10711908,148959,71.91
353372,7844,2020.10.27,1491,17,61980,10711908,148959,71.91
355025,7876,2020.10.28,1653,32,61980,10711908,148959,71.91
356848,7923,2020.10.29,1823,47,61980,10711908,148959,71.91
358225,7955,2020.10.30,1377,32,61980,10711908,148959,71.91
360790,7979,2020.10.31,2565,24,61980,10711908,148959,71.91
361982,7981,2020.11.01,1192,2,61980,10711908,148959,71.91
362921,7999,2020.11.02,939,18,61980,10711908,148959,71.91
394526,8479,2020.11.03,31605,480,61980,10711908,148959,71.91
397137,8522,2020.11.04,2611,43,61980,10711908,148959,71.91
399625,8578,2020.11.05,2488,56,61980,10711908,148959,71.91
402427,8608,2020.11.06,2802,30,61980,10711908,148959,71.91
405037,8647,2020.11.07,2610,39,61980,10711908,148959,71.91
406061,8648,2020.11.08,1024,1,61980,10711908,148959,71.91
407333,8677,2020.11.09,1272,29,61980,10711908,148959,71.91
411652,8730,2020.11.10,4319,53,61980,10711908,148959,71.91
413894,8806,2020.11.11,2242,76,61980,10711908,148959,71.91
416876,8881,2020.11.12,2982,75,61980,10711908,148959,71.91
419870,8905,2020.11.13,2994,24,61980,10711908,148959,71.91
422905,8956,2020.11.14,3035,51,61980,10711908,148959,71.91
424989,8957,2020.11.15,2084,1,61980,10711908,148959,71.91
426236,8967,2020.11.16,1247,10,61980,10711908,148959,71.91
430571,9008,2020.11.17,4335,41,61980,10711908,148959,71.91
433732,9065,2020.11.18,3161,57,61980,10711908,148959,71.91
437156,9102,2020.11.19,3424,37,61980,10711908,148959,71.91
440591,9142,2020.11.20,3435,40,61980,10711908,148959,71.91
446804,9179,2020.11.21,6213,37,61980,10711908,148959,71.91
449132,9198,2020.11.22,2328,19,61980,10711908,148959,71.91
451056,9215,2020.11.23,1924,17,61980,10711908,148959,71.91
454732,9221,2020.11.24,3676,6,61980,10711908,148959,71.91
457909,9297,2020.11.25,3177,76,61980,10711908,148959,71.91
461517,9336,2020.11.26,3608,39,61980,10711908,148959,71.91
464526,9380,2020.11.27,3009,44,61980,10711908,148959,71.91
467564,9424,2020.11.28,3038,44,61980,10711908,148959,71.91
469516,9442,2020.11.29,1952,18,61980,10711908,148959,71.91
471563,9452,2020.11.30,2047,10,61980,10711908,148959,71.91
476405,9515,2020.12.01,4842,63,61980,10711908,148959,71.91
482139,9567,2020.12.02,5734,52,61980,10711908,148959,71.91
487978,9648,2020.12.03,5839,81,61980,10711908,148959,71.91
494354,9725,2020.12.04,6376,77,61980,10711908,148959,71.91
499371,9793,2020.12.05,5017,68,61980,10711908,148959,71.91
501405,9806,2020.12.06,2034,13,61980,10711908,148959,71.91
506690,9851,2020.12.07,5285,45,61980,10711908,148959,71.91
512267,9873,2020.12.08,5577,22,61980,10711908,148959,71.91
517779,9921,2020.12.09,5512,48,61980,10711908,148959,71.91
525402,9975,2020.12.10,7623,54,61980,10711908,148959,71.91
531593,10031,2020.12.11,6191,56,61980,10711908,148959,71.91
844799,12889,2021.01.21,313206,2858,61980,10711908,148959,71.91
853173,13060,2021.01.22,8374,171,61980,10711908,148959,71.91
862158,13246,2021.01.23,8985,186,61980,10711908,148959,71.91
866911,13250,2021.01.24,4753,4,61980,10711908,148959,71.91
870828,13303,2021.01.25,3917,53,61980,10711908,148959,71.91
879221,13482,2021.01.26,8393,179,61980,10711908,148959,71.91
885605,13643,2021.01.27,6384,161,61980,10711908,148959,71.91
892957,13827,2021.01.28,7352,184,61980,10711908,148959,71.91
899515,13986,2021.01.29,6558,159,61980,10711908,148959,71.91
905858,14196,2021.01.30,6343,210,61980,10711908,148959,71.91
909445,14198,2021.01.31,3587,2,61980,10711908,148959,71.91
912479,14242,2021.02.01,3034,44,61980,10711908,148959,71.91
917440,14450,2021.02.02,4961,208,61980,10711908,148959,71.91
922364,14587,2021.02.03,4924,137,61980,10711908,148959,71.91
928070,14756,2021.02.04,5706,169,61980,10711908,148959,71.91
932912,14858,2021.02.05,4842,102,61980,10711908,148959,71.91
937402,15090,2021.02.06,4490,232,61980,10711908,148959,71.91
940991,15092,2021.02.07,3589,2,61980,10711908,148959,71.91
943695,15130,2021.02.08,2704,38,61980,10711908,148959,71.91
947416,15301,2021.02.09,3721,171,61980,10711908,148959,71.91
950906,15421,2021.02.10,3490,120,61980,10711908,148959,71.91
955085,15513,2021.02.11,4179,92,61980,10711908,148959,71.91
958985,15708,2021.02.12,3900,195,61980,10711908,148959,71.91
962808,15850,2021.02.13,3823,142,61980,10711908,148959,71.91
964737,15871,2021.02.14,1929,21,61980,10711908,148959,71.91
966807,15928,2021.02.15,2070,57,61980,10711908,148959,71.91
969702,16174,2021.02.16,2895,246,61980,10711908,148959,71.91
973247,16273,2021.02.17,3545,99,61980,10711908,148959,71.91
976732,16403,2021.02.18,3485,130,61980,10711908,148959,71.91
980411,16610,2021.02.19,3679,207,61980,10711908,148959,71.91
983747,16742,2021.02.20,3336,132,61980,10711908,148959,71.91
985505,16744,2021.02.21,1758,2,61980,10711908,148959,71.91
987041,16835,2021.02.22,1536,91,61980,10711908,148959,71.91
990821,16927,2021.02.23,3780,92,61980,10711908,148959,71.91
994061,17064,2021.02.24,3240,137,61980,10711908,148959,71.91
997388,17199,2021.02.25,3327,135,61980,10711908,148959,71.91
1000822,17219,2021.02.26,3434,20,61980,10711908,148959,71.91
1004187,17294,2021.02.27,3365,75,61980,10711908,148959,71.91
1006521,17295,2021.02.28,2334,1,61980,10711908,148959,71.91
1008660,17376,2021.03.01,2139,81,61980,10711908,148959,71.91
1011807,17480,2021.03.02,3147,104,61980,10711908,148959,71.91
1014542,17625,2021.03.03,2735,145,61980,10711908,148959,71.91
1019509,17815,2021.03.05,4967,190,61980,10711908,148959,71.91
1021778,17905,2021.03.06,2269,90,61980,10711908,148959,71.91
1023487,17906,2021.03.07,1709,1,61980,10711908,148959,71.91
1024931,17948,2021.03.08,1444,42,61980,10711908,148959,71.91
1026692,17978,2021.03.09,1761,30,61980,10711908,148959,71.91
1028432,18036,2021.03.10,1740,58,61980,10711908,148959,71.91
1031713,18164,2021.03.12,3281,128,61980,10711908,148959,71.91
1032967,18216,2021.03.13,1254,52,61980,10711908,148959,71.91
1033786,18215,2021.03.14,819,-1,61980,10711908,148959,71.91
1034763,18262,2021.03.15,977,47,61980,10711908,148959,71.91
1036506,18287,2021.03.16,1743,25,61980,10711908,148959,71.91
1038550,18359,2021.03.17,2044,72,61980,10711908,148959,71.91
1040817,18420,2021.03.18,2267,61,61980,10711908,148959,71.91
1042417,18464,2021.03.19,1600,44,61980,10711908,148959,71.91
1044134,18530,2021.03.20,1717,66,61980,10711908,148959,71.91
1045694,18530,2021.03.21,1560,0,61980,10711908,148959,71.91
1046382,18556,2021.03.22,688,26,61980,10711908,148959,71.91
1048173,18588,2021.03.23,1791,32,61980,10711908,148959,71.91
1049397,18660,2021.03.24,1224,72,61980,10711908,148959,71.91
1051361,18751,2021.03.25,1964,91,61980,10711908,148959,71.91
1053020,18849,2021.03.26,1659,98,61980,10711908,148959,71.91
1054430,18926,2021.03.27,1410,77,61980,10711908,148959,71.91
1055256,18926,2021.03.28,826,0,61980,10711908,148959,71.91
1056421,18962,2021.03.29,1165,36,61980,10711908,148959,71.91
1057741,18987,2021.03.30,1320,25,61980,10711908,148959,71.91
1059548,19055,2021.03.31,1807,68,61980,10711908,148959,71.91
1060973,19119,2021.04.01,1425,64,61980,10711908,148959,71.91
1062555,19176,2021.04.02,1582,57,61980,10711908,148959,71.91
1063680,19210,2021.04.03,1125,34,61980,10711908,148959,71.91
1064554,19212,2021.04.04,874,2,61980,10711908,148959,71.91
1065197,19212,2021.04.05,643,0,61980,10711908,148959,71.91
1066671,19238,2021.04.06,1474,26,61980,10711908,148959,71.91
1068199,19305,2021.04.07,1528,67,61980,10711908,148959,71.91
1069689,19374,2021.04.08,1490,69,61980,10711908,148959,71.91
1071130,19424,2021.04.09,1441,50,61980,10711908,148959,71.91
1072700,19488,2021.04.10,1570,64,61980,10711908,148959,71.91
1073792,19488,2021.04.11,1092,0,61980,10711908,148959,71.91
1074731,19523,2021.04.12,939,35,61980,10711908,148959,71.91
1076644,19548,2021.04.13,1913,25,61980,10711908,148959,71.91
1078379,19600,2021.04.14,1735,52,61980,10711908,148959,71.91
1079979,19662,2021.04.15,1600,62,61980,10711908,148959,71.91
1081629,19718,2021.04.16,1650,56,61980,10711908,148959,71.91
1083300,19757,2021.04.17,1671,39,61980,10711908,148959,71.91
1084272,19758,2021.04.18,972,1,61980,10711908,148959,71.91
1085161,19784,2021.04.19,889,26,61980,10711908,148959,71.91
1086473,19798,2021.04.20,1312,14,61980,10711908,148959,71.91
1087791,19829,2021.04.21,1318,31,61980,10711908,148959,71.91
1089497,19875,2021.04.22,1706,46,61980,10711908,148959,71.91
1091339,19917,2021.04.23,1842,42,61980,10711908,148959,71.91
1092852,19973,2021.04.24,1513,56,61980,10711908,148959,71.91
1093768,19975,2021.04.25,916,2,61980,10711908,148959,71.91
1094580,20009,2021.04.26,812,34,61980,10711908,148959,71.91
1095879,20027,2021.04.27,1299,18,61980,10711908,148959,71.91
1097279,20098,2021.04.28,1400,71,61980,10711908,148959,71.91
1098723,20158,2021.04.29,1444,60,61980,10711908,148959,71.91
1100187,20190,2021.04.30,1464,32,61980,10711908,148959,71.91
1101487,20212,2021.05.01,1300,22,61980,10711908,148959,71.91
1102789,20212,2021.05.02,1302,0,61980,10711908,148959,71.91
1103659,20227,2021.05.03,870,15,61980,10711908,148959,71.91
1104837,20241,2021.05.04,1178,14,61980,10711908,148959,71.91
1105855,20273,2021.05.05,1018,32,61980,10711908,148959,71.91
1107068,20294,2021.05.06,1213,21,61980,10711908,148959,71.91
1108317,20337,2021.05.07,1249,43,61980,10711908,148959,71.91
1109330,20368,2021.05.08,1013,31,61980,10711908,148959,71.91
1110418,20368,2021.05.10,1088,0,61980,10711908,148959,71.91
1111376,20391,2021.05.11,958,23,61980,10711908,148959,71.91
1112297,20432,2021.05.12,921,41,61980,10711908,148959,71.91
1113411,20450,2021.05.13,1114,18,61980,10711908,148959,71.91
1114329,20482,2021.05.14,918,32,61980,10711908,148959,71.91
1115072,20505,2021.05.15,743,23,61980,10711908,148959,71.91
1115601,20506,2021.05.16,529,1,61980,10711908,148959,71.91
1116008,20506,2021.05.17,407,0,61980,10711908,148959,71.91
1116775,20532,2021.05.18,767,26,61980,10711908,148959,71.91
1117475,20569,2021.05.19,700,37,61980,10711908,148959,71.91
1118308,20591,2021.05.20,833,22,61980,10711908,148959,71.91
1119012,20637,2021.05.21,704,46,61980,10711908,148959,71.91
1119614,20661,2021.05.22,602,24,61980,10711908,148959,71.91
1119979,20661,2021.05.23,365,0,61980,10711908,148959,71.91
1120272,20661,2021.05.24,293,0,61980,10711908,148959,71.91
1120923,20699,2021.05.25,651,38,61980,10711908,148959,71.91
1121472,20735,2021.05.26,549,36,61980,10711908,148959,71.91
1122166,20774,2021.05.27,694,39,61980,10711908,148959,71.91
1122711,20820,2021.05.28,545,46,61980,10711908,148959,71.91
1123343,20837,2021.05.29,632,17,61980,10711908,148959,71.91
1123604,20837,2021.05.30,261,0,61980,10711908,148959,71.91
1123841,20837,2021.05.31,237,0,61980,10711908,148959,71.91
1124080,20838,2021.06.01,239,1,61980,10711908,148959,71.91
1124571,20867,2021.06.02,491,29,61980,10711908,148959,71.91
1125017,20900,2021.06.03,446,33,61980,10711908,148959,71.91
1125512,20942,2021.06.04,495,42,61980,10711908,148959,71.91
1125854,20986,2021.06.05,342,44,61980,10711908,148959,71.91
1126134,20986,2021.06.06,280,0,61980,10711908,148959,71.91
1126397,20986,2021.06.07,263,0,61980,10711908,148959,71.91
1126789,21024,2021.06.08,392,38,61980,10711908,148959,71.91
1127200,21049,2021.06.09,411,25,61980,10711908,148959,71.91
1127658,21094,2021.06.10,458,45,61980,10711908,148959,71.91
1128092,21128,2021.06.11,434,34,61980,10711908,148959,71.91
1128467,21158,2021.06.12,375,30,61980,10711908,148959,71.91
1128690,21158,2021.06.13,223,0,61980,10711908,148959,71.91
1128870,21158,2021.06.14,180,0,61980,10711908,148959,71.91
1129177,21171,2021.06.15,307,13,61980,10711908,148959,71.91
1129675,21228,2021.06.16,498,57,61980,10711908,148959,71.91
1130083,21258,2021.06.17,408,30,61980,10711908,148959,71.91
1130468,21292,2021.06.18,385,34,61980,10711908,148959,71.91
1130845,21319,2021.06.19,377,27,61980,10711908,148959,71.91
1131048,21318,2021.06.20,203,-1,61980,10711908,148959,71.91
1131232,21318,2021.06.21,184,0,61980,10711908,148959,71.91
1131583,21329,2021.06.22,351,11,61980,10711908,148959,71.91
1131972,21350,2021.06.23,389,21,61980,10711908,148959,71.91
1132329,21367,2021.06.24,357,17,61980,10711908,148959,71.91
1132661,21369,2021.06.25,332,2,61980,10711908,148959,71.91
1133063,21393,2021.06.26,402,24,61980,10711908,148959,71.91
1133291,21393,2021.06.27,228,0,61980,10711908,148959,71.91
1133481,21393,2021.06.28,190,0,61980,10711908,148959,71.91
1133983,21412,2021.06.29,502,19,61980,10711908,148959,71.91
1134573,21423,2021.06.30,590,11,61980,10711908,148959,71.91
1135093,21428,2021.07.01,520,5,61980,10711908,148959,71.91
1135526,21443,2021.07.02,433,15,61980,10711908,148959,71.91
1135526,21443,2021.07.03,0,0,61980,10711908,148959,71.91
1135526,21443,2021.07.04,0,0,61980,10711908,148959,71.91
1135526,21443,2021.07.05,0,0,61980,10711908,148959,71.91
1136893,21457,2021.07.06,1367,14,61980,10711908,148959,71.91
1137560,21467,2021.07.07,667,10,61980,10711908,148959,71.91
1138492,21470,2021.07.08,932,3,61980,10711908,148959,71.91
1139396,21486,2021.07.09,904,16,61980,10711908,148959,71.91
1139396,21486,2021.07.10,0,0,61980,10711908,148959,71.91
1139396,21486,2021.07.11,0,0,61980,10711908,148959,71.91
1142268,21525,2021.07.13,2872,39,61980,10711908,148959,71.91
1143528,21527,2021.07.14,1260,2,61980,10711908,148959,71.91
1144890,21546,2021.07.15,1362,19,61980,10711908,148959,71.91
1145976,21558,2021.07.16,1086,12,61980,10711908,148959,71.91
1145976,21558,2021.07.17,0,0,61980,10711908,148959,71.91
1145976,21558,2021.07.18,0,0,61980,10711908,148959,71.91
1149266,21564,2021.07.19,3290,6,61980,10711908,148959,71.91
1150835,21571,2021.07.20,1569,7,61980,10711908,148959,71.91
1153064,21593,2021.07.21,2229,22,61980,10711908,148959,71.91
1157705,21614,2021.07.23,4641,21,61980,10711908,148959,71.91
1157705,21614,2021.07.24,0,0,61980,10711908,148959,71.91
1157705,21614,2021.07.25,0,0,61980,10711908,148959,71.91
1163818,21628,2021.07.26,6113,14,61980,10711908,148959,71.91
1167405,21644,2021.07.27,3587,16,61980,10711908,148959,71.91
1171233,21654,2021.07.28,3828,10,61980,10711908,148959,71.91
1175845,21665,2021.07.29,4612,11,61980,10711908,148959,71.91
1179449,21676,2021.07.30,3604,11,61980,10711908,148959,71.91
1179449,21676,2021.07.31,0,0,61980,10711908,148959,71.91
1179449,21676,2021.08.01,0,0,61980,10711908,148959,71.91
1185594,21698,2021.08.02,6145,22,61980,10711908,148959,71.91
1194768,21723,2021.08.03,9174,25,61980,10711908,148959,71.91
1199628,21735,2021.08.04,4860,12,61980,10711908,148959,71.91
1205434,21767,2021.08.05,5806,32,61980,10711908,148959,71.91
1211439,21802,2021.08.06,6005,35,61980,10711908,148959,71.91
1211439,21802,2021.08.07,0,0,61980,10711908,148959,71.91
1211439,21802,2021.08.08,0,0,61980,10711908,148959,71.91
1224480,21831,2021.08.09,13041,29,61980,10711908,148959,71.91
1231425,21862,2021.08.10,6945,31,61980,10711908,148959,71.91
1238383,21894,2021.08.11,6958,32,61980,10711908,148959,71.91
1245399,21929,2021.08.12,7016,35,61980,10711908,148959,71.91
1252615,21978,2021.08.13,7216,49,61980,10711908,148959,71.91
1252615,21978,2021.08.14,0,0,61980,10711908,148959,71.91
1252615,21978,2021.08.15,0,0,61980,10711908,148959,71.91
1272014,22014,2021.08.16,19399,36,61980,10711908,148959,71.91
1279653,22060,2021.08.17,7639,46,61980,10711908,148959,71.91
1287667,22103,2021.08.18,8014,43,61980,10711908,148959,71.91
1297503,22151,2021.08.19,9836,48,61980,10711908,148959,71.91
1307084,22199,2021.08.20,9581,48,61980,10711908,148959,71.91
1307084,22199,2021.08.21,0,0,61980,10711908,148959,71.91
1307084,22199,2021.08.22,0,0,61980,10711908,148959,71.91
1328156,22263,2021.08.23,21072,64,61980,10711908,148959,71.91
1337342,22309,2021.08.24,9186,46,61980,10711908,148959,71.91
1348019,22400,2021.08.25,10677,91,61980,10711908,148959,71.91
1358842,22492,2021.08.26,10823,92,61980,10711908,148959,71.91
1369926,22553,2021.08.27,11084,61,61980,10711908,148959,71.91
1369926,22553,2021.08.28,0,0,61980,10711908,148959,71.91
1369926,22553,2021.08.29,0,0,61980,10711908,148959,71.91
1393061,22641,2021.08.30,23135,88,61980,10711908,148959,71.91
1403582,22740,2021.08.31,10521,99,61980,10711908,148959,71.91
1413284,22870,2021.09.01,9702,130,61980,10711908,148959,71.91
1421696,23006,2021.09.02,8412,136,61980,10711908,148959,71.91
1433714,23120,2021.09.03,12018,114,61980,10711908,148959,71.91
1433714,23120,2021.09.04,0,0,61980,10711908,148959,71.91
1433714,23120,2021.09.05,0,0,61980,10711908,148959,71.91
1433714,23120,2021.09.06,0,0,61980,10711908,148959,71.91
1459658,23342,2021.09.07,25944,222,61980,10711908,148959,71.91
1468410,23392,2021.09.08,8752,50,61980,10711908,148959,71.91
1475996,23585,2021.09.09,7586,193,61980,10711908,148959,71.91
1484274,23741,2021.09.10,8278,156,61980,10711908,148959,71.91
1484274,23741,2021.09.11,0,0,61980,10711908,148959,71.91
1484274,23741,2021.09.12,0,0,61980,10711908,148959,71.91
1500176,23900,2021.09.13,15902,159,61980,10711908,148959,71.91
1507503,24028,2021.09.14,7327,128,61980,10711908,148959,71.91
1513670,24263,2021.09.15,6167,235,61980,10711908,148959,71.91
1519522,24460,2021.09.16,5852,197,61980,10711908,148959,71.91
1525114,24577,2021.09.17,5592,117,61980,10711908,148959,71.91
1525114,24577,2021.09.18,0,0,61980,10711908,148959,71.91
1525114,24577,2021.09.19,0,0,61980,10711908,148959,71.91
1536467,24772,2021.09.20,11353,195,61980,10711908,148959,71.91
1543960,24951,2021.09.21,7493,179,61980,10711908,148959,71.91
1548683,25133,2021.09.22,4723,182,61980,10711908,148959,71.91
1553236,25338,2021.09.23,4553,205,61980,10711908,148959,71.91
1557536,25478,2021.09.24,4300,140,61980,10711908,148959,71.91
1557536,25478,2021.09.25,0,0,61980,10711908,148959,71.91
1557536,25478,2021.09.26,0,0,61980,10711908,148959,71.91
1565540,25620,2021.09.27,8004,142,61980,10711908,148959,71.91
1569405,25757,2021.09.28,3865,137,61980,10711908,148959,71.91
1573840,25933,2021.09.29,4435,176,61980,10711908,148959,71.91
1578716,26084,2021.09.30,4876,151,61980,10711908,148959,71.91
1582063,26242,2021.10.01,3347,158,61980,10711908,148959,71.91
1582063,26242,2021.10.02,0,0,61980,10711908,148959,71.91
1582063,26242,2021.10.03,0,0,61980,10711908,148959,71.91
1589857,26445,2021.10.04,7794,203,61980,10711908,148959,71.91
1592731,26625,2021.10.05,2874,180,61980,10711908,148959,71.91
1593640,26820,2021.10.06,909,195,61980,10711908,148959,71.91
1599393,27011,2021.10.07,5753,191,61980,10711908,148959,71.91
1602667,27142,2021.10.08,3274,131,61980,10711908,148959,71.91
1602667,27142,2021.10.09,0,0,61980,10711908,148959,71.91
1602667,27142,2021.10.10,0,0,61980,10711908,148959,71.91
1602667,27142,2021.10.11,0,0,61980,10711908,148959,71.91
1609681,27335,2021.10.12,7014,193,61980,10711908,148959,71.91
1611692,27427,2021.10.13,2011,92,61980,10711908,148959,71.91
1613794,27565,2021.10.14,2102,138,61980,10711908,148959,71.91
1615699,27774,2021.10.15,1905,209,61980,10711908,148959,71.91
1615699,27774,2021.10.16,0,0,61980,10711908,148959,71.91
1615699,27774,2021.10.17,0,0,61980,10711908,148959,71.91
1619015,27940,2021.10.18,3316,166,61980,10711908,148959,71.91
1620694,28076,2021.10.19,1679,136,61980,10711908,148959,71.91
1622376,28234,2021.10.20,1682,158,61980,10711908,148959,71.91
1623863,28344,2021.10.21,1487,110,61980,10711908,148959,71.91
1625399,28519,2021.10.22,1536,175,61980,10711908,148959,71.91
1625399,28519,2021.10.23,0,0,61980,10711908,148959,71.91
1625399,28519,2021.10.24,0,0,61980,10711908,148959,71.91
1628166,28639,2021.10.25,2767,120,61980,10711908,148959,71.91
1629337,28737,2021.10.26,1171,98,61980,10711908,148959,71.91
1631348,28850,2021.10.27,2011,113,61980,10711908,148959,71.91
1632870,28939,2021.10.28,1522,89,61980,10711908,148959,71.91
1634093,29065,2021.10.29,1223,126,61980,10711908,148959,71.91
1634093,29065,2021.10.30,0,0,61980,10711908,148959,71.91
1634093,29065,2021.10.31,0,0,61980,10711908,148959,71.91
1636325,29174,2021.11.01,2232,109,61980,10711908,148959,71.91
1637571,29237,2021.11.02,1246,63,61980,10711908,148959,71.91
1638606,29310,2021.11.03,1035,73,61980,10711908,148959,71.91
1639896,29393,2021.11.04,1290,83,61980,10711908,148959,71.91
1641036,29483,2021.11.05,1140,90,61980,10711908,148959,71.91
1641036,29483,2021.11.06,0,0,61980,10711908,148959,71.91
1641036,29483,2021.11.07,0,0,61980,10711908,148959,71.91
1641036,29483,2021.11.08,0,0,61980,10711908,148959,71.91
1643945,29647,2021.11.09,2909,164,61980,10711908,148959,71.91
1644997,29749,2021.11.10,1052,102,61980,10711908,148959,71.91
1644997,29749,2021.11.11,0,0,61980,10711908,148959,71.91
1647265,29861,2021.11.12,2268,112,61980,10711908,148959,71.91
1647265,29861,2021.11.13,0,0,61980,10711908,148959,71.91
1647265,29861,2021.11.14,0,0,61980,10711908,148959,71.91
1649520,29871,2021.11.15,2255,10,61980,10711908,148959,71.91
1650756,29901,2021.11.16,1236,30,61980,10711908,148959,71.91
1651952,30027,2021.11.17,1196,126,61980,10711908,148959,71.91
1653237,30094,2021.11.18,1285,67,61980,10711908,148959,71.91
1654649,30162,2021.11.19,1412,68,61980,10711908,148959,71.91
1654649,30162,2021.11.20,0,0,61980,10711908,148959,71.91
1654649,30162,2021.11.21,0,0,61980,10711908,148959,71.91
1656992,30236,2021.11.22,2343,74,61980,10711908,148959,71.91
1658363,30298,2021.11.23,1371,62,61980,10711908,148959,71.91
1659491,30358,2021.11.24,1128,60,61980,10711908,148959,71.91
1659491,30358,2021.11.25,0,0,61980,10711908,148959,71.91
1659491,30358,2021.11.26,0,0,61980,10711908,148959,71.91
1659491,30358,2021.11.27,0,0,61980,10711908,148959,71.91
1659491,30358,2021.11.28,0,0,61980,10711908,148959,71.91
1662995,30471,2021.11.29,3504,113,61980,10711908,148959,71.91
1664456,30510,2021.11.30,1461,39,61980,10711908,148959,71.91
1666110,30571,2021.12.01,1654,61,61980,10711908,148959,71.91
1667630,30610,2021.12.02,1520,39,61980,10711908,148959,71.91
1668875,30655,2021.12.03,1245,45,61980,10711908,148959,71.91
1668875,30655,2021.12.04,0,0,61980,10711908,148959,71.91
1668875,30655,2021.12.05,0,0,61980,10711908,148959,71.91
1671787,30691,2021.12.06,2912,36,61980,10711908,148959,71.91
1673082,30724,2021.12.07,1295,33,61980,10711908,148959,71.91
1675453,30755,2021.12.08,2371,31,61980,10711908,148959,71.91
1676787,30798,2021.12.09,1334,43,61980,10711908,148959,71.91
1678746,30823,2021.12.10,1959,25,61980,10711908,148959,71.91
2211004,32206,2022.01.20,532258,1383,61980,10711908,148959,71.91
2229675,32294,2022.01.21,18671,88,61980,10711908,148959,71.91
2229675,32294,2022.01.22,0,0,61980,10711908,148959,71.91
2229675,32294,2022.01.23,0,0,61980,10711908,148959,71.91
2272461,32389,2022.01.24,42786,95,61980,10711908,148959,71.91
2288693,32488,2022.01.25,16232,99,61980,10711908,148959,71.91
2306025,32603,2022.01.26,17332,115,61980,10711908,148959,71.91
2327733,32718,2022.01.27,21708,115,61980,10711908,148959,71.91
2346518,32868,2022.01.28,18785,150,61980,10711908,148959,71.91
2346518,32868,2022.01.30,0,0,61980,10711908,148959,71.91
2368052,32976,2022.01.31,21534,108,61980,10711908,148959,71.91
2378278,33053,2022.02.01,10226,77,61980,10711908,148959,71.91
2386298,33163,2022.02.02,8020,110,61980,10711908,148959,71.91
2394327,33294,2022.02.03,8029,131,61980,10711908,148959,71.91
2403125,33402,2022.02.04,8798,108,61980,10711908,148959,71.91
2403125,33402,2022.02.05,0,0,61980,10711908,148959,71.91
2403125,33402,2022.02.06,0,0,61980,10711908,148959,71.91
2414929,33545,2022.02.07,11804,143,61980,10711908,148959,71.91
2419503,33665,2022.02.08,4574,120,61980,10711908,148959,71.91
2424950,33850,2022.02.09,5447,185,61980,10711908,148959,71.91
2429839,33959,2022.02.10,4889,109,61980,10711908,148959,71.91
2434131,34076,2022.02.11,4292,117,61980,10711908,148959,71.91
2434131,34076,2022.02.12,0,0,61980,10711908,148959,71.91
2434131,34076,2022.02.13,0,0,61980,10711908,148959,71.91
2440543,34218,2022.02.14,6412,142,61980,10711908,148959,71.91
2443410,34335,2022.02.15,2867,117,61980,10711908,148959,71.91
2446525,34464,2022.02.16,3115,129,61980,10711908,148959,71.91
2448939,34608,2022.02.17,2414,144,61980,10711908,148959,71.91
2451908,34757,2022.02.18,2969,149,61980,10711908,148959,71.91
2451908,34757,2022.02.19,0,0,61980,10711908,148959,71.91
2451908,34757,2022.02.20,0,0,61980,10711908,148959,71.91
2455573,34896,2022.02.21,3665,139,61980,10711908,148959,71.91
2456866,34985,2022.02.22,1293,89,61980,10711908,148959,71.91
2458946,35095,2022.02.23,2080,110,61980,10711908,148959,71.91
2461103,35194,2022.02.24,2157,99,61980,10711908,148959,71.91
2462663,35316,2022.02.26,1560,122,61980,10711908,148959,71.91
2462663,35316,2022.02.27,0,0,61980,10711908,148959,71.91
2465056,35415,2022.02.28,2393,99,61980,10711908,148959,71.91
2466525,35529,2022.03.01,1469,114,61980,10711908,148959,71.91
2467923,35601,2022.03.02,1398,72,61980,10711908,148959,71.91
2470384,35782,2022.03.04,2461,181,61980,10711908,148959,71.91
2470384,35782,2022.03.05,0,0,61980,10711908,148959,71.91
2470384,35782,2022.03.06,0,0,61980,10711908,148959,71.91
2472140,35848,2022.03.07,1756,66,61980,10711908,148959,71.91
2473056,35946,2022.03.08,916,98,61980,10711908,148959,71.91
2474277,36026,2022.03.09,1221,80,61980,10711908,148959,71.91
2475489,36129,2022.03.10,1212,103,61980,10711908,148959,71.91
2476516,36193,2022.03.12,1027,64,61980,10711908,148959,71.91
2476516,36193,2022.03.13,0,0,61980,10711908,148959,71.91
2477737,36247,2022.03.14,1221,54,61980,10711908,148959,71.91
2478986,36294,2022.03.15,1249,47,61980,10711908,148959,71.91
2480368,36367,2022.03.16,1382,73,61980,10711908,148959,71.91
2481419,36444,2022.03.17,1051,77,61980,10711908,148959,71.91
2482518,36507,2022.03.18,1099,63,61980,10711908,148959,71.91
2482518,36507,2022.03.19,0,0,61980,10711908,148959,71.91
2482518,36507,2022.03.20,0,0,61980,10711908,148959,71.91
2483456,36576,2022.03.21,938,69,61980,10711908,148959,71.91
2483910,36615,2022.03.22,454,39,61980,10711908,148959,71.91
2484385,36658,2022.03.23,475,43,61980,10711908,148959,71.91
2485113,36706,2022.03.24,728,48,61980,10711908,148959,71.91
2485736,36771,2022.03.25,623,65,61980,10711908,148959,71.91
2485736,36771,2022.03.26,0,0,61980,10711908,148959,71.91
2485736,36771,2022.03.27,0,0,61980,10711908,148959,71.91
2486866,36825,2022.03.28,1130,54,61980,10711908,148959,71.91
2487464,36868,2022.03.29,598,43,61980,10711908,148959,71.91
2496503,36923,2022.03.30,9039,55,61980,10711908,148959,71.91
2499431,36987,2022.03.31,2928,64,61980,10711908,148959,71.91
2500259,37057,2022.04.01,828,70,61980,10711908,148959,71.91
2500259,37057,2022.04.02,0,0,61980,10711908,148959,71.91
2500259,37057,2022.04.03,0,0,61980,10711908,148959,71.91
2501271,37127,2022.04.04,1012,70,61980,10711908,148959,71.91
2501688,37177,2022.04.05,417,50,61980,10711908,148959,71.91
2502192,37225,2022.04.06,504,48,61980,10711908,148959,71.91
2502667,37270,2022.04.07,475,45,61980,10711908,148959,71.91
2503082,37332,2022.04.08,415,62,61980,10711908,148959,71.91
2503082,37332,2022.04.09,0,0,61980,10711908,148959,71.91
2503082,37332,2022.04.10,0,0,61980,10711908,148959,71.91
2504257,37369,2022.04.11,1175,37,61980,10711908,148959,71.91
2504760,37397,2022.04.12,503,28,61980,10711908,148959,71.91
2505343,37428,2022.04.13,583,31,61980,10711908,148959,71.91
2505856,37476,2022.04.14,513,48,61980,10711908,148959,71.91
2506634,37523,2022.04.15,778,47,61980,10711908,148959,71.91
2506634,37523,2022.04.16,0,0,61980,10711908,148959,71.91
2506634,37523,2022.04.17,0,0,61980,10711908,148959,71.91
2506634,37523,2022.04.18,0,0,61980,10711908,148959,71.91
2506634,37523,2022.04.19,0,0,61980,10711908,148959,71.91
2509160,37659,2022.04.20,2526,136,61980,10711908,148959,71.91
2509160,37659,2022.04.21,0,0,61980,10711908,148959,71.91
2509160,37659,2022.04.22,0,0,61980,10711908,148959,71.91
2509160,37659,2022.04.23,0,0,61980,10711908,148959,71.91
2509160,37659,2022.04.24,0,0,61980,10711908,148959,71.91
2509160,37659,2022.04.25,0,0,61980,10711908,148959,71.91
2509160,37659,2022.04.26,0,0,61980,10711908,148959,71.91
2515139,37806,2022.04.27,5979,147,61980,10711908,148959,71.91
2515139,37806,2022.04.28,0,0,61980,10711908,148959,71.91
2515139,37806,2022.04.29,0,0,61980,10711908,148959,71.91
2515139,37806,2022.04.30,0,0,61980,10711908,148959,71.91
2515139,37806,2022.05.01,0,0,61980,10711908,148959,71.91
2515139,37806,2022.05.02,0,0,61980,10711908,148959,71.91
2515139,37806,2022.05.03,0,0,61980,10711908,148959,71.91
2521664,37969,2022.05.04,6525,163,61980,10711908,148959,71.91
2521664,37969,2022.05.05,0,0,61980,10711908,148959,71.91
2521664,37969,2022.05.06,0,0,61980,10711908,148959,71.91
2521664,37969,2022.05.07,0,0,61980,10711908,148959,71.91
2521664,37969,2022.05.08,0,0,61980,10711908,148959,71.91
2521664,37969,2022.05.09,0,0,61980,10711908,148959,71.91
2521664,37969,2022.05.10,0,0,61980,10711908,148959,71.91
2530918,38086,2022.05.11,9254,117,61980,10711908,148959,71.91
2530918,38086,2022.05.12,0,0,61980,10711908,148959,71.91
2530918,38086,2022.05.14,0,0,61980,10711908,148959,71.91
2530918,38086,2022.05.15,0,0,61980,10711908,148959,71.91
2530918,38086,2022.05.16,0,0,61980,10711908,148959,71.91
2530918,38086,2022.05.17,0,0,61980,10711908,148959,71.91
2541873,38158,2022.05.18,10955,72,61980,10711908,148959,71.91
2541713,38157,2022.05.19,-160,-1,61980,10711908,148959,71.91
2541713,38157,2022.05.20,0,0,61980,10711908,148959,71.91
2541713,38157,2022.05.21,0,0,61980,10711908,148959,71.91
2541713,38157,2022.05.22,0,0,61980,10711908,148959,71.91
2541713,38157,2022.05.23,0,0,61980,10711908,148959,71.91
2556044,38198,2022.05.25,14331,41,61980,10711908,148959,71.91
2556044,38198,2022.05.26,0,0,61980,10711908,148959,71.91
2556044,38198,2022.05.27,0,0,61980,10711908,148959,71.91
2556044,38198,2022.05.28,0,0,61980,10711908,148959,71.91
2556044,38198,2022.05.29,0,0,61980,10711908,148959,71.91
2556044,38198,2022.05.30,0,0,61980,10711908,148959,71.91
2556044,38198,2022.05.31,0,0,61980,10711908,148959,71.91
2571104,38242,2022.06.01,15060,44,61980,10711908,148959,71.91
2571104,38242,2022.06.02,0,0,61980,10711908,148959,71.91
2571104,38242,2022.06.03,0,0,61980,10711908,148959,71.91
2571104,38242,2022.06.04,0,0,61980,10711908,148959,71.91
2571104,38242,2022.06.05,0,0,61980,10711908,148959,71.91
2571104,38242,2022.06.06,0,0,61980,10711908,148959,71.91
2571104,38242,2022.06.07,0,0,61980,10711908,148959,71.91
2588805,38294,2022.06.08,17701,52,61980,10711908,148959,71.91
2588857,38290,2022.06.09,52,-4,61980,10711908,148959,71.91
2588857,38290,2022.06.10,0,0,61980,10711908,148959,71.91
2588857,38290,2022.06.11,0,0,61980,10711908,148959,71.91
2588857,38290,2022.06.12,0,0,61980,10711908,148959,71.91
2588857,38290,2022.06.13,0,0,61980,10711908,148959,71.91
2588857,38290,2022.06.14,0,0,61980,10711908,148959,71.91
2608172,38360,2022.06.15,19315,70,61980,10711908,148959,71.91
2608172,38360,2022.06.16,0,0,61980,10711908,148959,71.91
2608172,38360,2022.06.17,0,0,61980,10711908,148959,71.91
2608172,38360,2022.06.18,0,0,61980,10711908,148959,71.91
2608172,38360,2022.06.19,0,0,61980,10711908,148959,71.91
2608172,38360,2022.06.20,0,0,61980,10711908,148959,71.91
2608172,38360,2022.06.21,0,0,61980,10711908,148959,71.91
2626597,38447,2022.06.22,18425,87,61980,10711908,148959,71.91
2626597,38447,2022.06.23,0,0,61980,10711908,148959,71.91
2626597,38447,2022.06.24,0,0,61980,10711908,148959,71.91
2626597,38447,2022.06.25,0,0,61980,10711908,148959,71.91
2626597,38447,2022.06.26,0,0,61980,10711908,148959,71.91
2626597,38447,2022.06.27,0,0,61980,10711908,148959,71.91
2626597,38447,2022.06.28,0,0,61980,10711908,148959,71.91
2647568,38579,2022.06.29,20971,132,61980,10711908,148959,71.91
2647568,38579,2022.06.30,0,0,61980,10711908,148959,71.91
2647568,38579,2022.07.01,0,0,61980,10711908,148959,71.91
2647568,38579,2022.07.02,0,0,61980,10711908,148959,71.91
2647568,38579,2022.07.03,0,0,61980,10711908,148959,71.91
2647568,38579,2022.07.04,0,0,61980,10711908,148959,71.91
2647568,38579,2022.07.05,0,0,61980,10711908,148959,71.91
2667557,38685,2022.07.06,19989,106,61980,10711908,148959,71.91
2667557,38685,2022.07.07,0,0,61980,10711908,148959,71.91
2667557,38685,2022.07.08,0,0,61980,10711908,148959,71.91
2667557,38685,2022.07.09,0,0,61980,10711908,148959,71.91
2667557,38685,2022.07.10,0,0,61980,10711908,148959,71.91
2667557,38685,2022.07.11,0,0,61980,10711908,148959,71.91
2667557,38685,2022.07.12,0,0,61980,10711908,148959,71.91
2694160,38821,2022.07.13,26603,136,61980,10711908,148959,71.91
2694160,38821,2022.07.14,0,0,61980,10711908,148959,71.91
2694160,38821,2022.07.15,0,0,61980,10711908,148959,71.91
2694160,38821,2022.07.16,0,0,61980,10711908,148959,71.91
2694160,38821,2022.07.17,0,0,61980,10711908,148959,71.91
2694160,38821,2022.07.18,0,0,61980,10711908,148959,71.91
2694160,38821,2022.07.19,0,0,61980,10711908,148959,71.91
2721391,38933,2022.07.20,27231,112,61980,10711908,148959,71.91
2721391,38933,2022.07.21,0,0,61980,10711908,148959,71.91
2721391,38933,2022.07.22,0,0,61980,10711908,148959,71.91
2721391,38933,2022.07.23,0,0,61980,10711908,148959,71.91
2721391,38933,2022.07.24,0,0,61980,10711908,148959,71.91
2721391,38933,2022.07.25,0,0,61980,10711908,148959,71.91
2721391,38933,2022.07.26,0,0,61980,10711908,148959,71.91
2750915,39050,2022.07.27,29524,117,61980,10711908,148959,71.91
2750915,39050,2022.07.28,0,0,61980,10711908,148959,71.91
2750915,39050,2022.07.29,0,0,61980,10711908,148959,71.91
2750915,39050,2022.07.30,0,0,61980,10711908,148959,71.91
2750915,39050,2022.07.31,0,0,61980,10711908,148959,71.91
2750915,39050,2022.08.01,0,0,61980,10711908,148959,71.91
2750915,39050,2022.08.02,0,0,61980,10711908,148959,71.91
2778580,39173,2022.08.03,27665,123,61980,10711908,148959,71.91
2778580,39173,2022.08.04,0,0,61980,10711908,148959,71.91
2778580,39173,2022.08.06,0,0,61980,10711908,148959,71.91
2778580,39173,2022.08.07,0,0,61980,10711908,148959,71.91
2778580,39173,2022.08.08,0,0,61980,10711908,148959,71.91
2778580,39173,2022.08.09,0,0,61980,10711908,148959,71.91
2803517,39319,2022.08.10,24937,146,61980,10711908,148959,71.91
2803517,39319,2022.08.11,0,0,61980,10711908,148959,71.91
2803517,39319,2022.08.12,0,0,61980,10711908,148959,71.91
2803517,39319,2022.08.13,0,0,61980,10711908,148959,71.91
2803517,39319,2022.08.14,0,0,61980,10711908,148959,71.91
2803517,39319,2022.08.15,0,0,61980,10711908,148959,71.91
2803517,39319,2022.08.16,0,0,61980,10711908,148959,71.91
2829283,39472,2022.08.17,25766,153,61980,10711908,148959,71.91
2829283,39472,2022.08.18,0,0,61980,10711908,148959,71.91
2829283,39472,2022.08.19,0,0,61980,10711908,148959,71.91
2829283,39472,2022.08.20,0,0,61980,10711908,148959,71.91
2829283,39472,2022.08.21,0,0,61980,10711908,148959,71.91
2829283,39472,2022.08.22,0,0,61980,10711908,148959,71.91
2829283,39472,2022.08.23,0,0,61980,10711908,148959,71.91
2852706,39632,2022.08.24,23423,160,61980,10711908,148959,71.91
2852706,39632,2022.08.25,0,0,61980,10711908,148959,71.91
2852706,39632,2022.08.26,0,0,61980,10711908,148959,71.91
2852706,39632,2022.08.27,0,0,61980,10711908,148959,71.91
2852706,39632,2022.08.28,0,0,61980,10711908,148959,71.91
2852706,39632,2022.08.29,0,0,61980,10711908,148959,71.91
2852706,39632,2022.08.30,0,0,61980,10711908,148959,71.91
2870629,39772,2022.08.31,17923,140,61980,10711908,148959,71.91
2870629,39772,2022.09.01,0,0,61980,10711908,148959,71.91
2870629,39772,2022.09.02,0,0,61980,10711908,148959,71.91
2870629,39772,2022.09.03,0,0,61980,10711908,148959,71.91
2870629,39772,2022.09.04,0,0,61980,10711908,148959,71.91
2870629,39772,2022.09.05,0,0,61980,10711908,148959,71.91
2870629,39772,2022.09.06,0,0,61980,10711908,148959,71.91
2883318,39875,2022.09.07,12689,103,61980,10711908,148959,71.91
2883318,39875,2022.09.08,0,0,61980,10711908,148959,71.91
2883318,39875,2022.09.09,0,0,61980,10711908,148959,71.91
2883318,39875,2022.09.10,0,0,61980,10711908,148959,71.91
2883318,39875,2022.09.11,0,0,61980,10711908,148959,71.91
2883318,39875,2022.09.12,0,0,61980,10711908,148959,71.91
2883318,39875,2022.09.13,0,0,61980,10711908,148959,71.91
2893001,40025,2022.09.14,9683,150,61980,10711908,148959,71.91
2893001,40025,2022.09.15,0,0,61980,10711908,148959,71.91
2893001,40025,2022.09.16,0,0,61980,10711908,148959,71.91
2893001,40025,2022.09.17,0,0,61980,10711908,148959,71.91
2893001,40025,2022.09.18,0,0,61980,10711908,148959,71.91
2893001,40025,2022.09.19,0,0,61980,10711908,148959,71.91
2893001,40025,2022.09.20,0,0,61980,10711908,148959,71.91
2900354,40171,2022.09.21,7353,146,61980,10711908,148959,71.91
2900354,40171,2022.09.22,0,0,61980,10711908,148959,71.91
2900354,40171,2022.09.23,0,0,61980,10711908,148959,71.91
2900354,40171,2022.09.24,0,0,61980,10711908,148959,71.91
2900354,40171,2022.09.25,0,0,61980,10711908,148959,71.91
2900354,40171,2022.09.26,0,0,61980,10711908,148959,71.91
2900354,40171,2022.09.27,0,0,61980,10711908,148959,71.91
2905400,40281,2022.09.28,5046,110,61980,10711908,148959,71.91
2905400,40281,2022.09.29,0,0,61980,10711908,148959,71.91
2905400,40281,2022.09.30,0,0,61980,10711908,148959,71.91
2905400,40281,2022.10.01,0,0,61980,10711908,148959,71.91
2905400,40281,2022.10.02,0,0,61980,10711908,148959,71.91
2905400,40281,2022.10.03,0,0,61980,10711908,148959,71.91
2905400,40281,2022.10.04,0,0,61980,10711908,148959,71.91
2909760,40374,2022.10.05,4360,93,61980,10711908,148959,71.91
2909760,40374,2022.10.06,0,0,61980,10711908,148959,71.91
2909760,40374,2022.10.07,0,0,61980,10711908,148959,71.91
2909760,40374,2022.10.08,0,0,61980,10711908,148959,71.91
2909760,40374,2022.10.09,0,0,61980,10711908,148959,71.91
2909760,40374,2022.10.10,0,0,61980,10711908,148959,71.91
2909760,40374,2022.10.11,0,0,61980,10711908,148959,71.91
2913382,40448,2022.10.12,3622,74,61980,10711908,148959,71.91
2913382,40448,2022.10.13,0,0,61980,10711908,148959,71.91
2913382,40448,2022.10.14,0,0,61980,10711908,148959,71.91
2913382,40448,2022.10.15,0,0,61980,10711908,148959,71.91
2913382,40448,2022.10.16,0,0,61980,10711908,148959,71.91
2913382,40448,2022.10.17,0,0,61980,10711908,148959,71.91
2913382,40448,2022.10.18,0,0,61980,10711908,148959,71.91
2917301,40552,2022.10.19,3919,104,61980,10711908,148959,71.91
2917301,40552,2022.10.20,0,0,61980,10711908,148959,71.91
2917301,40552,2022.10.21,0,0,61980,10711908,148959,71.91
2917301,40552,2022.10.22,0,0,61980,10711908,148959,71.91
2917301,40552,2022.10.23,0,0,61980,10711908,148959,71.91
2917301,40552,2022.10.24,0,0,61980,10711908,148959,71.91
2917301,40552,2022.10.25,0,0,61980,10711908,148959,71.91
2920663,40626,2022.10.26,3362,74,61980,10711908,148959,71.91
2920663,40626,2022.10.27,0,0,61980,10711908,148959,71.91
2920663,40626,2022.10.28,0,0,61980,10711908,148959,71.91
2920663,40626,2022.10.29,0,0,61980,10711908,148959,71.91
2920663,40626,2022.10.30,0,0,61980,10711908,148959,71.91
2920663,40626,2022.10.31,0,0,61980,10711908,148959,71.91
2920663,40626,2022.11.01,0,0,61980,10711908,148959,71.91
2924732,40696,2022.11.02,4069,70,61980,10711908,148959,71.91
2924732,40696,2022.11.03,0,0,61980,10711908,148959,71.91
2924732,40696,2022.11.04,0,0,61980,10711908,148959,71.91
2924732,40696,2022.11.05,0,0,61980,10711908,148959,71.91
2924732,40696,2022.11.06,0,0,61980,10711908,148959,71.91
2924732,40696,2022.11.07,0,0,61980,10711908,148959,71.91
2924732,40696,2022.11.08,0,0,61980,10711908,148959,71.91
2929434,40803,2022.11.09,4702,107,61980,10711908,148959,71.91
2929434,40803,2022.11.10,0,0,61980,10711908,148959,71.91
2929434,40803,2022.11.11,0,0,61980,10711908,148959,71.91
2929434,40803,2022.11.12,0,0,61980,10711908,148959,71.91
2929434,40803,2022.11.13,0,0,61980,10711908,148959,71.91
2929434,40803,2022.11.14,0,0,61980,10711908,148959,71.91
2929434,40803,2022.11.15,0,0,61980,10711908,148959,71.91
2933229,40915,2022.11.16,3795,112,61980,10711908,148959,71.91
2933229,40915,2022.11.17,0,0,61980,10711908,148959,71.91
2933229,40915,2022.11.18,0,0,61980,10711908,148959,71.91
2933229,40915,2022.11.19,0,0,61980,10711908,148959,71.91
2933229,40915,2022.11.20,0,0,61980,10711908,148959,71.91
2933229,40915,2022.11.21,0,0,61980,10711908,148959,71.91
2933229,40915,2022.11.22,0,0,61980,10711908,148959,71.91
2937280,41024,2022.11.23,4051,109,61980,10711908,148959,71.91
2937280,41024,2022.11.24,0,0,61980,10711908,148959,71.91
2937280,41024,2022.11.25,0,0,61980,10711908,148959,71.91
2937280,41024,2022.11.26,0,0,61980,10711908,148959,71.91
2937280,41024,2022.11.27,0,0,61980,10711908,148959,71.91
2937280,41024,2022.11.28,0,0,61980,10711908,148959,71.91
2937280,41024,2022.11.29,0,0,61980,10711908,148959,71.91
2943519,41070,2022.11.30,6239,46,61980,10711908,148959,71.91
2943519,41070,2022.12.01,0,0,61980,10711908,148959,71.91
2943519,41070,2022.12.02,0,0,61980,10711908,148959,71.91
2943519,41070,2022.12.03,0,0,61980,10711908,148959,71.91
2943519,41070,2022.12.04,0,0,61980,10711908,148959,71.91
2943519,41070,2022.12.05,0,0,61980,10711908,148959,71.91
2943519,41070,2022.12.06,0,0,61980,10711908,148959,71.91
2943519,41070,2022.12.07,0,0,61980,10711908,148959,71.91
2953341,41172,2022.12.08,9822,102,61980,10711908,148959,71.91
2953341,41172,2022.12.09,0,0,61980,10711908,148959,71.91
2953341,41172,2022.12.10,0,0,61980,10711908,148959,71.91
3020166,41772,2023.01.20,66825,600,61980,10711908,148959,71.91
3020166,41772,2023.01.21,0,0,61980,10711908,148959,71.91
3020166,41772,2023.01.22,0,0,61980,10711908,148959,71.91
3020166,41772,2023.01.23,0,0,61980,10711908,148959,71.91
3020166,41772,2023.01.24,0,0,61980,10711908,148959,71.91
3027856,41915,2023.01.25,7690,143,61980,10711908,148959,71.91
3027856,41915,2023.01.26,0,0,61980,10711908,148959,71.91
3027856,41915,2023.01.27,0,0,61980,10711908,148959,71.91
3027856,41915,2023.01.28,0,0,61980,10711908,148959,71.91
3027856,41915,2023.01.29,0,0,61980,10711908,148959,71.91
3027856,41915,2023.01.30,0,0,61980,10711908,148959,71.91
3027856,41915,2023.01.31,0,0,61980,10711908,148959,71.91
3035874,42054,2023.02.01,8018,139,61980,10711908,148959,71.91
3035874,42054,2023.02.02,0,0,61980,10711908,148959,71.91
3035874,42054,2023.02.03,0,0,61980,10711908,148959,71.91
3035874,42054,2023.02.04,0,0,61980,10711908,148959,71.91
3035874,42054,2023.02.05,0,0,61980,10711908,148959,71.91
3035874,42054,2023.02.06,0,0,61980,10711908,148959,71.91
3035874,42054,2023.02.07,0,0,61980,10711908,148959,71.91
3042823,42161,2023.02.08,6949,107,61980,10711908,148959,71.91
3042823,42161,2023.02.09,0,0,61980,10711908,148959,71.91
3042823,42161,2023.02.10,0,0,61980,10711908,148959,71.91
3042823,42161,2023.02.11,0,0,61980,10711908,148959,71.91
3042823,42161,2023.02.12,0,0,61980,10711908,148959,71.91
3042823,42161,2023.02.13,0,0,61980,10711908,148959,71.91
3042823,42161,2023.02.14,0,0,61980,10711908,148959,71.91
3049248,42245,2023.02.15,6425,84,61980,10711908,148959,71.91
3049248,42245,2023.02.16,0,0,61980,10711908,148959,71.91
3049248,42245,2023.02.17,0,0,61980,10711908,148959,71.91
3049248,42245,2023.02.18,0,0,61980,10711908,148959,71.91
3049248,42245,2023.02.19,0,0,61980,10711908,148959,71.91
3049248,42245,2023.02.20,0,0,61980,10711908,148959,71.91
3049248,42245,2023.02.21,0,0,61980,10711908,148959,71.91
3061485,42332,2023.02.22,12237,87,61980,10711908,148959,71.91
3061485,42332,2023.02.23,0,0,61980,10711908,148959,71.91
3061485,42332,2023.02.24,0,0,61980,10711908,148959,71.91
3061485,42332,2023.02.25,0,0,61980,10711908,148959,71.91
3061485,42332,2023.02.26,0,0,61980,10711908,148959,71.91
3061485,42332,2023.02.27,0,0,61980,10711908,148959,71.91
3061485,42332,2023.02.28,0,0,61980,10711908,148959,71.91
3065390,42427,2023.03.01,3905,95,61980,10711908,148959,71.91
3065390,42427,2023.03.02,0,0,61980,10711908,148959,71.91
3065390,42427,2023.03.03,0,0,61980,10711908,148959,71.91
3065390,42427,2023.03.04,0,0,61980,10711908,148959,71.91
3065390,42427,2023.03.05,0,0,61980,10711908,148959,71.91
3065390,42427,2023.03.06,0,0,61980,10711908,148959,71.91
3065390,42427,2023.03.07,0,0,61980,10711908,148959,71.91
3068208,42489,2023.03.08,2818,62,61980,10711908,148959,71.91
3068208,42489,2023.03.09,0,0,61980,10711908,148959,71.91
