Confirmed Cumulative,Deaths Cumulative,Date,Confirmed Daily,Deaths Daily,Confirmed Cumulative / Capita,Deaths Cumulative / Capita,Confirmed Daily / Capita,Deaths Daily / Capita,Median Income,Population,Land Area (km2),Population Density
270,0,2020.04.12,270,0,0.0027,0.0,0.0027,0.0,65003,576851,251470,2.29
275,1,2020.04.13,5,1,0.00275,1e-05,5e-05,1e-05,65003,576851,251470,2.29
282,1,2020.04.14,7,0,0.00282,1e-05,7e-05,0.0,65003,576851,251470,2.29
287,1,2020.04.15,5,0,0.00287,1e-05,5e-05,0.0,65003,576851,251470,2.29
296,2,2020.04.16,9,1,0.00296,2e-05,9e-05,1e-05,65003,576851,251470,2.29
305,2,2020.04.17,9,0,0.00305,2e-05,9e-05,0.0,65003,576851,251470,2.29
309,2,2020.04.18,4,0,0.00309,2e-05,4e-05,0.0,65003,576851,251470,2.29
313,2,2020.04.19,4,0,0.00313,2e-05,4e-05,0.0,65003,576851,251470,2.29
317,2,2020.04.20,4,0,0.00317,2e-05,4e-05,0.0,65003,576851,251470,2.29
443,2,2020.04.21,126,0,0.00443,2e-05,0.00126,0.0,65003,576851,251470,2.29
447,6,2020.04.22,4,4,0.00447,6e-05,4e-05,4e-05,65003,576851,251470,2.29
453,7,2020.04.23,6,1,0.00453,7e-05,6e-05,1e-05,65003,576851,251470,2.29
473,7,2020.04.24,20,0,0.00473,7e-05,0.0002,0.0,65003,576851,251470,2.29
491,7,2020.04.25,18,0,0.00491,7e-05,0.00018,0.0,65003,576851,251470,2.29
502,7,2020.04.26,11,0,0.00502,7e-05,0.00011,0.0,65003,576851,251470,2.29
520,7,2020.04.27,18,0,0.0052,7e-05,0.00018,0.0,65003,576851,251470,2.29
536,7,2020.04.28,16,0,0.00536,7e-05,0.00016,0.0,65003,576851,251470,2.29
545,7,2020.04.29,9,0,0.00545,7e-05,9e-05,0.0,65003,576851,251470,2.29
559,7,2020.04.30,14,0,0.00559,7e-05,0.00014,0.0,65003,576851,251470,2.29
566,7,2020.05.01,7,0,0.00566,7e-05,7e-05,0.0,65003,576851,251470,2.29
579,7,2020.05.02,13,0,0.00579,7e-05,0.00013,0.0,65003,576851,251470,2.29
586,7,2020.05.03,7,0,0.00586,7e-05,7e-05,0.0,65003,576851,251470,2.29
596,7,2020.05.04,10,0,0.00596,7e-05,0.0001,0.0,65003,576851,251470,2.29
604,7,2020.05.05,8,0,0.00604,7e-05,8e-05,0.0,65003,576851,251470,2.29
631,7,2020.05.06,27,0,0.00631,7e-05,0.00027,0.0,65003,576851,251470,2.29
635,7,2020.05.07,4,0,0.00635,7e-05,4e-05,0.0,65003,576851,251470,2.29
644,7,2020.05.08,9,0,0.00644,7e-05,9e-05,0.0,65003,576851,251470,2.29
653,7,2020.05.09,9,0,0.00653,7e-05,9e-05,0.0,65003,576851,251470,2.29
662,7,2020.05.10,9,0,0.00662,7e-05,9e-05,0.0,65003,576851,251470,2.29
669,7,2020.05.11,7,0,0.00669,7e-05,7e-05,0.0,65003,576851,251470,2.29
675,7,2020.05.12,6,0,0.00675,7e-05,6e-05,0.0,65003,576851,251470,2.29
688,7,2020.05.13,13,0,0.00688,7e-05,0.00013,0.0,65003,576851,251470,2.29
701,7,2020.05.14,13,0,0.00701,7e-05,0.00013,0.0,65003,576851,251470,2.29
716,7,2020.05.15,15,0,0.00716,7e-05,0.00015,0.0,65003,576851,251470,2.29
741,7,2020.05.16,25,0,0.00741,7e-05,0.00025,0.0,65003,576851,251470,2.29
754,8,2020.05.17,13,1,0.00754,8e-05,0.00013,1e-05,65003,576851,251470,2.29
766,10,2020.05.18,12,2,0.00766,0.0001,0.00012,2e-05,65003,576851,251470,2.29
776,10,2020.05.19,10,0,0.00776,0.0001,0.0001,0.0,65003,576851,251470,2.29
787,11,2020.05.20,11,1,0.00787,0.00011,0.00011,1e-05,65003,576851,251470,2.29
801,12,2020.05.21,14,1,0.00801,0.00012,0.00014,1e-05,65003,576851,251470,2.29
803,12,2020.05.22,2,0,0.00803,0.00012,2e-05,0.0,65003,576851,251470,2.29
813,12,2020.05.23,10,0,0.00813,0.00012,0.0001,0.0,65003,576851,251470,2.29
838,12,2020.05.24,25,0,0.00838,0.00012,0.00025,0.0,65003,576851,251470,2.29
843,12,2020.05.25,5,0,0.00843,0.00012,5e-05,0.0,65003,576851,251470,2.29
850,13,2020.05.26,7,1,0.0085,0.00013,7e-05,1e-05,65003,576851,251470,2.29
860,14,2020.05.27,10,1,0.0086,0.00014,0.0001,1e-05,65003,576851,251470,2.29
876,15,2020.05.28,16,1,0.00876,0.00015,0.00016,1e-05,65003,576851,251470,2.29
891,15,2020.05.29,15,0,0.00891,0.00015,0.00015,0.0,65003,576851,251470,2.29
898,16,2020.05.30,7,1,0.00898,0.00016,7e-05,1e-05,65003,576851,251470,2.29
903,16,2020.05.31,5,0,0.00903,0.00016,5e-05,0.0,65003,576851,251470,2.29
910,17,2020.06.01,7,1,0.0091,0.00017,7e-05,1e-05,65003,576851,251470,2.29
912,17,2020.06.02,2,0,0.00912,0.00017,2e-05,0.0,65003,576851,251470,2.29
915,17,2020.06.03,3,0,0.00915,0.00017,3e-05,0.0,65003,576851,251470,2.29
921,17,2020.06.04,6,0,0.00921,0.00017,6e-05,0.0,65003,576851,251470,2.29
933,17,2020.06.05,12,0,0.00933,0.00017,0.00012,0.0,65003,576851,251470,2.29
939,17,2020.06.06,6,0,0.00939,0.00017,6e-05,0.0,65003,576851,251470,2.29
947,17,2020.06.07,8,0,0.00947,0.00017,8e-05,0.0,65003,576851,251470,2.29
960,17,2020.06.08,13,0,0.0096,0.00017,0.00013,0.0,65003,576851,251470,2.29
970,17,2020.06.09,10,0,0.0097,0.00017,0.0001,0.0,65003,576851,251470,2.29
980,18,2020.06.10,10,1,0.0098,0.00018,0.0001,1e-05,65003,576851,251470,2.29
1009,18,2020.06.11,29,0,0.01009,0.00018,0.00029,0.0,65003,576851,251470,2.29
1027,18,2020.06.12,18,0,0.01027,0.00018,0.00018,0.0,65003,576851,251470,2.29
1050,18,2020.06.13,23,0,0.0105,0.00018,0.00023,0.0,65003,576851,251470,2.29
1060,18,2020.06.14,10,0,0.0106,0.00018,0.0001,0.0,65003,576851,251470,2.29
1079,18,2020.06.15,19,0,0.01079,0.00018,0.00019,0.0,65003,576851,251470,2.29
1089,18,2020.06.16,10,0,0.01089,0.00018,0.0001,0.0,65003,576851,251470,2.29
1114,18,2020.06.17,25,0,0.01114,0.00018,0.00025,0.0,65003,576851,251470,2.29
1144,18,2020.06.18,30,0,0.01144,0.00018,0.0003,0.0,65003,576851,251470,2.29
1173,20,2020.06.19,29,2,0.01173,0.0002,0.00029,2e-05,65003,576851,251470,2.29
1179,20,2020.06.20,6,0,0.01179,0.0002,6e-05,0.0,65003,576851,251470,2.29
1197,20,2020.06.21,18,0,0.01197,0.0002,0.00018,0.0,65003,576851,251470,2.29
1230,20,2020.06.22,33,0,0.0123,0.0002,0.00033,0.0,65003,576851,251470,2.29
1254,20,2020.06.23,24,0,0.01254,0.0002,0.00024,0.0,65003,576851,251470,2.29
1282,20,2020.06.24,28,0,0.01282,0.0002,0.00028,0.0,65003,576851,251470,2.29
1326,20,2020.06.25,44,0,0.01326,0.0002,0.00044,0.0,65003,576851,251470,2.29
1368,20,2020.06.26,42,0,0.01368,0.0002,0.00042,0.0,65003,576851,251470,2.29
1392,20,2020.06.27,24,0,0.01392,0.0002,0.00024,0.0,65003,576851,251470,2.29
1417,20,2020.06.28,25,0,0.01417,0.0002,0.00025,0.0,65003,576851,251470,2.29
1450,20,2020.06.29,33,0,0.0145,0.0002,0.00033,0.0,65003,576851,251470,2.29
1487,20,2020.06.30,37,0,0.01487,0.0002,0.00037,0.0,65003,576851,251470,2.29
1514,20,2020.07.01,27,0,0.01514,0.0002,0.00027,0.0,65003,576851,251470,2.29
1550,20,2020.07.02,36,0,0.0155,0.0002,0.00036,0.0,65003,576851,251470,2.29
1582,20,2020.07.03,32,0,0.01582,0.0002,0.00032,0.0,65003,576851,251470,2.29
1606,20,2020.07.04,24,0,0.01606,0.0002,0.00024,0.0,65003,576851,251470,2.29
1634,20,2020.07.05,28,0,0.01634,0.0002,0.00028,0.0,65003,576851,251470,2.29
1675,20,2020.07.06,41,0,0.01675,0.0002,0.00041,0.0,65003,576851,251470,2.29
1709,21,2020.07.07,34,1,0.01709,0.00021,0.00034,1e-05,65003,576851,251470,2.29
1740,21,2020.07.08,31,0,0.0174,0.00021,0.00031,0.0,65003,576851,251470,2.29
1769,21,2020.07.09,29,0,0.01769,0.00021,0.00029,0.0,65003,576851,251470,2.29
1790,21,2020.07.10,21,0,0.0179,0.00021,0.00021,0.0,65003,576851,251470,2.29
1839,21,2020.07.11,49,0,0.01839,0.00021,0.00049,0.0,65003,576851,251470,2.29
1862,21,2020.07.12,23,0,0.01862,0.00021,0.00023,0.0,65003,576851,251470,2.29
1903,21,2020.07.13,41,0,0.01903,0.00021,0.00041,0.0,65003,576851,251470,2.29
1950,22,2020.07.14,47,1,0.0195,0.00022,0.00047,1e-05,65003,576851,251470,2.29
1985,22,2020.07.15,35,0,0.01985,0.00022,0.00035,0.0,65003,576851,251470,2.29
2026,24,2020.07.16,41,2,0.02026,0.00024,0.00041,2e-05,65003,576851,251470,2.29
2069,24,2020.07.17,43,0,0.02069,0.00024,0.00043,0.0,65003,576851,251470,2.29
2108,24,2020.07.18,39,0,0.02108,0.00024,0.00039,0.0,65003,576851,251470,2.29
2126,25,2020.07.19,18,1,0.02126,0.00025,0.00018,1e-05,65003,576851,251470,2.29
2187,24,2020.07.20,61,-1,0.02187,0.00024,0.00061,-1e-05,65003,576851,251470,2.29
2238,25,2020.07.21,51,1,0.02238,0.00025,0.00051,1e-05,65003,576851,251470,2.29
2288,25,2020.07.22,50,0,0.02288,0.00025,0.0005,0.0,65003,576851,251470,2.29
2347,25,2020.07.23,59,0,0.02347,0.00025,0.00059,0.0,65003,576851,251470,2.29
2405,25,2020.07.24,58,0,0.02405,0.00025,0.00058,0.0,65003,576851,251470,2.29
2446,25,2020.07.25,41,0,0.02446,0.00025,0.00041,0.0,65003,576851,251470,2.29
2475,25,2020.07.26,29,0,0.02475,0.00025,0.00029,0.0,65003,576851,251470,2.29
2520,25,2020.07.27,45,0,0.0252,0.00025,0.00045,0.0,65003,576851,251470,2.29
2589,26,2020.07.28,69,1,0.02589,0.00026,0.00069,1e-05,65003,576851,251470,2.29
2628,26,2020.07.29,39,0,0.02628,0.00026,0.00039,0.0,65003,576851,251470,2.29
2686,26,2020.07.30,58,0,0.02686,0.00026,0.00058,0.0,65003,576851,251470,2.29
2726,26,2020.07.31,40,0,0.02726,0.00026,0.0004,0.0,65003,576851,251470,2.29
2769,26,2020.08.01,43,0,0.02769,0.00026,0.00043,0.0,65003,576851,251470,2.29
2808,26,2020.08.02,39,0,0.02808,0.00026,0.00039,0.0,65003,576851,251470,2.29
2848,27,2020.08.03,40,1,0.02848,0.00027,0.0004,1e-05,65003,576851,251470,2.29
2884,27,2020.08.04,36,0,0.02884,0.00027,0.00036,0.0,65003,576851,251470,2.29
2923,27,2020.08.05,39,0,0.02923,0.00027,0.00039,0.0,65003,576851,251470,2.29
2953,27,2020.08.06,30,0,0.02953,0.00027,0.0003,0.0,65003,576851,251470,2.29
3000,28,2020.08.07,47,1,0.03,0.00028,0.00047,1e-05,65003,576851,251470,2.29
3015,28,2020.08.08,15,0,0.03015,0.00028,0.00015,0.0,65003,576851,251470,2.29
3050,28,2020.08.09,35,0,0.0305,0.00028,0.00035,0.0,65003,576851,251470,2.29
3042,28,2020.08.10,-8,0,0.03042,0.00028,-8e-05,0.0,65003,576851,251470,2.29
3073,29,2020.08.11,31,1,0.03073,0.00029,0.00031,1e-05,65003,576851,251470,2.29
3086,29,2020.08.12,13,0,0.03086,0.00029,0.00013,0.0,65003,576851,251470,2.29
3119,30,2020.08.13,33,1,0.03119,0.0003,0.00033,1e-05,65003,576851,251470,2.29
3183,30,2020.08.14,64,0,0.03183,0.0003,0.00064,0.0,65003,576851,251470,2.29
3227,30,2020.08.15,44,0,0.03227,0.0003,0.00044,0.0,65003,576851,251470,2.29
3286,30,2020.08.16,59,0,0.03286,0.0003,0.00059,0.0,65003,576851,251470,2.29
3331,30,2020.08.17,45,0,0.03331,0.0003,0.00045,0.0,65003,576851,251470,2.29
3360,30,2020.08.18,29,0,0.0336,0.0003,0.00029,0.0,65003,576851,251470,2.29
3431,34,2020.08.19,71,4,0.03431,0.00034,0.00071,4e-05,65003,576851,251470,2.29
3457,34,2020.08.20,26,0,0.03457,0.00034,0.00026,0.0,65003,576851,251470,2.29
3524,37,2020.08.21,67,3,0.03524,0.00037,0.00067,3e-05,65003,576851,251470,2.29
3543,37,2020.08.22,19,0,0.03543,0.00037,0.00019,0.0,65003,576851,251470,2.29
3578,37,2020.08.23,35,0,0.03578,0.00037,0.00035,0.0,65003,576851,251470,2.29
3603,37,2020.08.24,25,0,0.03603,0.00037,0.00025,0.0,65003,576851,251470,2.29
3632,37,2020.08.25,29,0,0.03632,0.00037,0.00029,0.0,65003,576851,251470,2.29
3680,37,2020.08.26,48,0,0.0368,0.00037,0.00048,0.0,65003,576851,251470,2.29
3733,37,2020.08.27,53,0,0.03733,0.00037,0.00053,0.0,65003,576851,251470,2.29
3803,37,2020.08.28,70,0,0.03803,0.00037,0.0007,0.0,65003,576851,251470,2.29
3795,37,2020.08.29,-8,0,0.03795,0.00037,-8e-05,0.0,65003,576851,251470,2.29
3829,37,2020.08.30,34,0,0.03829,0.00037,0.00034,0.0,65003,576851,251470,2.29
3850,37,2020.08.31,21,0,0.0385,0.00037,0.00021,0.0,65003,576851,251470,2.29
3874,37,2020.09.01,24,0,0.03874,0.00037,0.00024,0.0,65003,576851,251470,2.29
3911,41,2020.09.02,37,4,0.03911,0.00041,0.00037,4e-05,65003,576851,251470,2.29
3941,41,2020.09.03,30,0,0.03941,0.00041,0.0003,0.0,65003,576851,251470,2.29
3990,42,2020.09.04,49,1,0.0399,0.00042,0.00049,1e-05,65003,576851,251470,2.29
3990,42,2020.09.05,0,0,0.0399,0.00042,0.0,0.0,65003,576851,251470,2.29
4032,42,2020.09.06,42,0,0.04032,0.00042,0.00042,0.0,65003,576851,251470,2.29
4032,42,2020.09.07,0,0,0.04032,0.00042,0.0,0.0,65003,576851,251470,2.29
4105,42,2020.09.08,73,0,0.04105,0.00042,0.00073,0.0,65003,576851,251470,2.29
4152,42,2020.09.09,47,0,0.04152,0.00042,0.00047,0.0,65003,576851,251470,2.29
4199,42,2020.09.10,47,0,0.04199,0.00042,0.00047,0.0,65003,576851,251470,2.29
4264,42,2020.09.11,65,0,0.04264,0.00042,0.00065,0.0,65003,576851,251470,2.29
4297,42,2020.09.12,33,0,0.04297,0.00042,0.00033,0.0,65003,576851,251470,2.29
4346,42,2020.09.13,49,0,0.04346,0.00042,0.00049,0.0,65003,576851,251470,2.29
4394,42,2020.09.14,48,0,0.04394,0.00042,0.00048,0.0,65003,576851,251470,2.29
4440,42,2020.09.15,46,0,0.0444,0.00042,0.00046,0.0,65003,576851,251470,2.29
4566,50,2020.09.16,126,8,0.04566,0.0005,0.00126,8e-05,65003,576851,251470,2.29
4652,49,2020.09.17,86,-1,0.04652,0.00049,0.00086,-1e-05,65003,576851,251470,2.29
4747,49,2020.09.18,95,0,0.04747,0.00049,0.00095,0.0,65003,576851,251470,2.29
4781,49,2020.09.19,34,0,0.04781,0.00049,0.00034,0.0,65003,576851,251470,2.29
4872,49,2020.09.20,91,0,0.04872,0.00049,0.00091,0.0,65003,576851,251470,2.29
4944,49,2020.09.21,72,0,0.04944,0.00049,0.00072,0.0,65003,576851,251470,2.29
5016,49,2020.09.22,72,0,0.05016,0.00049,0.00072,0.0,65003,576851,251470,2.29
5169,50,2020.09.23,153,1,0.05169,0.0005,0.00153,1e-05,65003,576851,251470,2.29
5305,50,2020.09.24,136,0,0.05305,0.0005,0.00136,0.0,65003,576851,251470,2.29
5420,50,2020.09.25,115,0,0.0542,0.0005,0.00115,0.0,65003,576851,251470,2.29
5465,50,2020.09.26,45,0,0.05465,0.0005,0.00045,0.0,65003,576851,251470,2.29
5633,50,2020.09.27,168,0,0.05633,0.0005,0.00168,0.0,65003,576851,251470,2.29
5754,50,2020.09.28,121,0,0.05754,0.0005,0.00121,0.0,65003,576851,251470,2.29
5821,50,2020.09.29,67,0,0.05821,0.0005,0.00067,0.0,65003,576851,251470,2.29
5948,50,2020.09.30,127,0,0.05948,0.0005,0.00127,0.0,65003,576851,251470,2.29
6083,53,2020.10.01,135,3,0.06083,0.00053,0.00135,3e-05,65003,576851,251470,2.29
6214,53,2020.10.02,131,0,0.06214,0.00053,0.00131,0.0,65003,576851,251470,2.29
6365,53,2020.10.03,151,0,0.06365,0.00053,0.00151,0.0,65003,576851,251470,2.29
6504,53,2020.10.04,139,0,0.06504,0.00053,0.00139,0.0,65003,576851,251470,2.29
6629,53,2020.10.05,125,0,0.06629,0.00053,0.00125,0.0,65003,576851,251470,2.29
6770,53,2020.10.06,141,0,0.0677,0.00053,0.00141,0.0,65003,576851,251470,2.29
6899,53,2020.10.07,129,0,0.06899,0.00053,0.00129,0.0,65003,576851,251470,2.29
7092,54,2020.10.08,193,1,0.07092,0.00054,0.00193,1e-05,65003,576851,251470,2.29
7335,54,2020.10.09,243,0,0.07335,0.00054,0.00243,0.0,65003,576851,251470,2.29
7455,54,2020.10.10,120,0,0.07455,0.00054,0.0012,0.0,65003,576851,251470,2.29
7611,54,2020.10.11,156,0,0.07611,0.00054,0.00156,0.0,65003,576851,251470,2.29
7802,54,2020.10.12,191,0,0.07802,0.00054,0.00191,0.0,65003,576851,251470,2.29
7964,57,2020.10.13,162,3,0.07964,0.00057,0.00162,3e-05,65003,576851,251470,2.29
8177,57,2020.10.14,213,0,0.08177,0.00057,0.00213,0.0,65003,576851,251470,2.29
8375,57,2020.10.15,198,0,0.08375,0.00057,0.00198,0.0,65003,576851,251470,2.29
8665,57,2020.10.16,290,0,0.08665,0.00057,0.0029,0.0,65003,576851,251470,2.29
8816,57,2020.10.17,151,0,0.08816,0.00057,0.00151,0.0,65003,576851,251470,2.29
9025,57,2020.10.18,209,0,0.09025,0.00057,0.00209,0.0,65003,576851,251470,2.29
9311,57,2020.10.19,286,0,0.09311,0.00057,0.00286,0.0,65003,576851,251470,2.29
9526,61,2020.10.20,215,4,0.09526,0.00061,0.00215,4e-05,65003,576851,251470,2.29
9848,61,2020.10.21,322,0,0.09848,0.00061,0.00322,0.0,65003,576851,251470,2.29
10119,68,2020.10.22,271,7,0.10119,0.00068,0.00271,7e-05,65003,576851,251470,2.29
10545,68,2020.10.23,426,0,0.10545,0.00068,0.00426,0.0,65003,576851,251470,2.29
10805,68,2020.10.24,260,0,0.10805,0.00068,0.0026,0.0,65003,576851,251470,2.29
11041,68,2020.10.25,236,0,0.11041,0.00068,0.00236,0.0,65003,576851,251470,2.29
11477,77,2020.10.26,436,9,0.11477,0.00077,0.00436,9e-05,65003,576851,251470,2.29
11806,77,2020.10.27,329,0,0.11806,0.00077,0.00329,0.0,65003,576851,251470,2.29
12146,77,2020.10.28,340,0,0.12146,0.00077,0.0034,0.0,65003,576851,251470,2.29
12507,87,2020.10.29,361,10,0.12507,0.00087,0.00361,0.0001,65003,576851,251470,2.29
13028,87,2020.10.30,521,0,0.13028,0.00087,0.00521,0.0,65003,576851,251470,2.29
13298,87,2020.10.31,270,0,0.13298,0.00087,0.0027,0.0,65003,576851,251470,2.29
13723,87,2020.11.01,425,0,0.13723,0.00087,0.00425,0.0,65003,576851,251470,2.29
14167,97,2020.11.02,444,10,0.14167,0.00097,0.00444,0.0001,65003,576851,251470,2.29
14621,93,2020.11.03,454,-4,0.14621,0.00093,0.00454,-4e-05,65003,576851,251470,2.29
15044,105,2020.11.04,423,12,0.15044,0.00105,0.00423,0.00012,65003,576851,251470,2.29
15409,105,2020.11.05,365,0,0.15409,0.00105,0.00365,0.0,65003,576851,251470,2.29
16405,105,2020.11.06,996,0,0.16405,0.00105,0.00996,0.0,65003,576851,251470,2.29
16597,114,2020.11.07,192,9,0.16597,0.00114,0.00192,9e-05,65003,576851,251470,2.29
17310,114,2020.11.08,713,0,0.1731,0.00114,0.00713,0.0,65003,576851,251470,2.29
18010,114,2020.11.09,700,0,0.1801,0.00114,0.007,0.0,65003,576851,251470,2.29
19242,127,2020.11.10,1232,13,0.19242,0.00127,0.01232,0.00013,65003,576851,251470,2.29
19374,127,2020.11.11,132,0,0.19374,0.00127,0.00132,0.0,65003,576851,251470,2.29
20479,127,2020.11.12,1105,0,0.20479,0.00127,0.01105,0.0,65003,576851,251470,2.29
21341,127,2020.11.13,862,0,0.21341,0.00127,0.00862,0.0,65003,576851,251470,2.29
21881,144,2020.11.14,540,17,0.21881,0.00144,0.0054,0.00017,65003,576851,251470,2.29
22494,144,2020.11.15,613,0,0.22494,0.00144,0.00613,0.0,65003,576851,251470,2.29
23193,144,2020.11.16,699,0,0.23193,0.00144,0.00699,0.0,65003,576851,251470,2.29
24453,155,2020.11.17,1260,11,0.24453,0.00155,0.0126,0.00011,65003,576851,251470,2.29
25275,155,2020.11.18,822,0,0.25275,0.00155,0.00822,0.0,65003,576851,251470,2.29
26169,176,2020.11.19,894,21,0.26169,0.00176,0.00894,0.00021,65003,576851,251470,2.29
27129,176,2020.11.20,960,0,0.27129,0.00176,0.0096,0.0,65003,576851,251470,2.29
27410,176,2020.11.21,281,0,0.2741,0.00176,0.00281,0.0,65003,576851,251470,2.29
28169,176,2020.11.22,759,0,0.28169,0.00176,0.00759,0.0,65003,576851,251470,2.29
29431,202,2020.11.23,1262,26,0.29431,0.00202,0.01262,0.00026,65003,576851,251470,2.29
29959,202,2020.11.24,528,0,0.29959,0.00202,0.00528,0.0,65003,576851,251470,2.29
30761,215,2020.11.25,802,13,0.30761,0.00215,0.00802,0.00013,65003,576851,251470,2.29
30761,215,2020.11.26,0,0,0.30761,0.00215,0.0,0.0,65003,576851,251470,2.29
31773,215,2020.11.27,1012,0,0.31773,0.00215,0.01012,0.0,65003,576851,251470,2.29
31928,215,2020.11.28,155,0,0.31928,0.00215,0.00155,0.0,65003,576851,251470,2.29
32489,215,2020.11.29,561,0,0.32489,0.00215,0.00561,0.0,65003,576851,251470,2.29
33305,215,2020.11.30,816,0,0.33305,0.00215,0.00816,0.0,65003,576851,251470,2.29
33805,239,2020.12.01,500,24,0.33805,0.00239,0.005,0.00024,65003,576851,251470,2.29
34507,239,2020.12.02,702,0,0.34507,0.00239,0.00702,0.0,65003,576851,251470,2.29
35078,266,2020.12.03,571,27,0.35078,0.00266,0.00571,0.00027,65003,576851,251470,2.29
35737,266,2020.12.04,659,0,0.35737,0.00266,0.00659,0.0,65003,576851,251470,2.29
35941,266,2020.12.05,204,0,0.35941,0.00266,0.00204,0.0,65003,576851,251470,2.29
36317,266,2020.12.06,376,0,0.36317,0.00266,0.00376,0.0,65003,576851,251470,2.29
36985,289,2020.12.07,668,23,0.36985,0.00289,0.00668,0.00023,65003,576851,251470,2.29
37475,289,2020.12.08,490,0,0.37475,0.00289,0.0049,0.0,65003,576851,251470,2.29
37885,299,2020.12.09,410,10,0.37885,0.00299,0.0041,0.0001,65003,576851,251470,2.29
38223,299,2020.12.10,338,0,0.38223,0.00299,0.00338,0.0,65003,576851,251470,2.29
38785,321,2020.12.11,562,22,0.38785,0.00321,0.00562,0.00022,65003,576851,251470,2.29
50424,550,2021.01.21,11639,229,0.50424,0.0055,0.11639,0.00229,65003,576851,251470,2.29
50583,571,2021.01.22,159,21,0.50583,0.00571,0.00159,0.00021,65003,576851,251470,2.29
50583,571,2021.01.23,0,0,0.50583,0.00571,0.0,0.0,65003,576851,251470,2.29
50898,571,2021.01.24,315,0,0.50898,0.00571,0.00315,0.0,65003,576851,251470,2.29
51062,571,2021.01.25,164,0,0.51062,0.00571,0.00164,0.0,65003,576851,251470,2.29
51152,596,2021.01.26,90,25,0.51152,0.00596,0.0009,0.00025,65003,576851,251470,2.29
51368,596,2021.01.27,216,0,0.51368,0.00596,0.00216,0.0,65003,576851,251470,2.29
51430,596,2021.01.28,62,0,0.5143,0.00596,0.00062,0.0,65003,576851,251470,2.29
51690,596,2021.01.29,260,0,0.5169,0.00596,0.0026,0.0,65003,576851,251470,2.29
51704,596,2021.01.30,14,0,0.51704,0.00596,0.00014,0.0,65003,576851,251470,2.29
51912,596,2021.01.31,208,0,0.51912,0.00596,0.00208,0.0,65003,576851,251470,2.29
52057,596,2021.02.01,145,0,0.52057,0.00596,0.00145,0.0,65003,576851,251470,2.29
52128,624,2021.02.02,71,28,0.52128,0.00624,0.00071,0.00028,65003,576851,251470,2.29
52288,624,2021.02.03,160,0,0.52288,0.00624,0.0016,0.0,65003,576851,251470,2.29
52468,624,2021.02.04,180,0,0.52468,0.00624,0.0018,0.0,65003,576851,251470,2.29
52576,624,2021.02.05,108,0,0.52576,0.00624,0.00108,0.0,65003,576851,251470,2.29
52618,624,2021.02.06,42,0,0.52618,0.00624,0.00042,0.0,65003,576851,251470,2.29
52627,624,2021.02.07,9,0,0.52627,0.00624,9e-05,0.0,65003,576851,251470,2.29
52784,624,2021.02.08,157,0,0.52784,0.00624,0.00157,0.0,65003,576851,251470,2.29
52830,647,2021.02.09,46,23,0.5283,0.00647,0.00046,0.00023,65003,576851,251470,2.29
52874,647,2021.02.10,44,0,0.52874,0.00647,0.00044,0.0,65003,576851,251470,2.29
52979,647,2021.02.11,105,0,0.52979,0.00647,0.00105,0.0,65003,576851,251470,2.29
53086,647,2021.02.12,107,0,0.53086,0.00647,0.00107,0.0,65003,576851,251470,2.29
53086,647,2021.02.13,0,0,0.53086,0.00647,0.0,0.0,65003,576851,251470,2.29
53136,647,2021.02.14,50,0,0.53136,0.00647,0.0005,0.0,65003,576851,251470,2.29
53136,647,2021.02.15,0,0,0.53136,0.00647,0.0,0.0,65003,576851,251470,2.29
53351,662,2021.02.16,215,15,0.53351,0.00662,0.00215,0.00015,65003,576851,251470,2.29
53450,662,2021.02.17,99,0,0.5345,0.00662,0.00099,0.0,65003,576851,251470,2.29
53531,662,2021.02.18,81,0,0.53531,0.00662,0.00081,0.0,65003,576851,251470,2.29
53683,662,2021.02.19,152,0,0.53683,0.00662,0.00152,0.0,65003,576851,251470,2.29
53683,662,2021.02.20,0,0,0.53683,0.00662,0.0,0.0,65003,576851,251470,2.29
53795,662,2021.02.21,112,0,0.53795,0.00662,0.00112,0.0,65003,576851,251470,2.29
53900,662,2021.02.22,105,0,0.539,0.00662,0.00105,0.0,65003,576851,251470,2.29
53944,671,2021.02.23,44,9,0.53944,0.00671,0.00044,9e-05,65003,576851,251470,2.29
53988,671,2021.02.24,44,0,0.53988,0.00671,0.00044,0.0,65003,576851,251470,2.29
54202,671,2021.02.25,214,0,0.54202,0.00671,0.00214,0.0,65003,576851,251470,2.29
54350,671,2021.02.26,148,0,0.5435,0.00671,0.00148,0.0,65003,576851,251470,2.29
54350,671,2021.02.27,0,0,0.5435,0.00671,0.0,0.0,65003,576851,251470,2.29
54394,671,2021.02.28,44,0,0.54394,0.00671,0.00044,0.0,65003,576851,251470,2.29
54471,671,2021.03.01,77,0,0.54471,0.00671,0.00077,0.0,65003,576851,251470,2.29
54527,682,2021.03.02,56,11,0.54527,0.00682,0.00056,0.00011,65003,576851,251470,2.29
54616,682,2021.03.03,89,0,0.54616,0.00682,0.00089,0.0,65003,576851,251470,2.29
54764,682,2021.03.05,148,0,0.54764,0.00682,0.00148,0.0,65003,576851,251470,2.29
54764,682,2021.03.06,0,0,0.54764,0.00682,0.0,0.0,65003,576851,251470,2.29
54764,682,2021.03.07,0,0,0.54764,0.00682,0.0,0.0,65003,576851,251470,2.29
54903,682,2021.03.08,139,0,0.54903,0.00682,0.00139,0.0,65003,576851,251470,2.29
54972,691,2021.03.09,69,9,0.54972,0.00691,0.00069,9e-05,65003,576851,251470,2.29
55014,691,2021.03.10,42,0,0.55014,0.00691,0.00042,0.0,65003,576851,251470,2.29
55163,691,2021.03.12,149,0,0.55163,0.00691,0.00149,0.0,65003,576851,251470,2.29
55163,691,2021.03.13,0,0,0.55163,0.00691,0.0,0.0,65003,576851,251470,2.29
55163,691,2021.03.14,0,0,0.55163,0.00691,0.0,0.0,65003,576851,251470,2.29
55327,691,2021.03.15,164,0,0.55327,0.00691,0.00164,0.0,65003,576851,251470,2.29
55352,693,2021.03.16,25,2,0.55352,0.00693,0.00025,2e-05,65003,576851,251470,2.29
55449,693,2021.03.17,97,0,0.55449,0.00693,0.00097,0.0,65003,576851,251470,2.29
55479,693,2021.03.18,30,0,0.55479,0.00693,0.0003,0.0,65003,576851,251470,2.29
55581,693,2021.03.19,102,0,0.55581,0.00693,0.00102,0.0,65003,576851,251470,2.29
55581,693,2021.03.20,0,0,0.55581,0.00693,0.0,0.0,65003,576851,251470,2.29
55581,693,2021.03.21,0,0,0.55581,0.00693,0.0,0.0,65003,576851,251470,2.29
55730,693,2021.03.22,149,0,0.5573,0.00693,0.00149,0.0,65003,576851,251470,2.29
55799,695,2021.03.23,69,2,0.55799,0.00695,0.00069,2e-05,65003,576851,251470,2.29
55887,695,2021.03.24,88,0,0.55887,0.00695,0.00088,0.0,65003,576851,251470,2.29
55920,695,2021.03.25,33,0,0.5592,0.00695,0.00033,0.0,65003,576851,251470,2.29
56046,695,2021.03.26,126,0,0.56046,0.00695,0.00126,0.0,65003,576851,251470,2.29
56046,695,2021.03.27,0,0,0.56046,0.00695,0.0,0.0,65003,576851,251470,2.29
56046,695,2021.03.28,0,0,0.56046,0.00695,0.0,0.0,65003,576851,251470,2.29
56190,695,2021.03.29,144,0,0.5619,0.00695,0.00144,0.0,65003,576851,251470,2.29
56236,695,2021.03.30,46,0,0.56236,0.00695,0.00046,0.0,65003,576851,251470,2.29
56310,700,2021.03.31,74,5,0.5631,0.007,0.00074,5e-05,65003,576851,251470,2.29
56389,700,2021.04.01,79,0,0.56389,0.007,0.00079,0.0,65003,576851,251470,2.29
56447,700,2021.04.02,58,0,0.56447,0.007,0.00058,0.0,65003,576851,251470,2.29
56447,700,2021.04.03,0,0,0.56447,0.007,0.0,0.0,65003,576851,251470,2.29
56447,700,2021.04.04,0,0,0.56447,0.007,0.0,0.0,65003,576851,251470,2.29
56529,700,2021.04.05,82,0,0.56529,0.007,0.00082,0.0,65003,576851,251470,2.29
56619,701,2021.04.06,90,1,0.56619,0.00701,0.0009,1e-05,65003,576851,251470,2.29
56700,701,2021.04.07,81,0,0.567,0.00701,0.00081,0.0,65003,576851,251470,2.29
56802,701,2021.04.08,102,0,0.56802,0.00701,0.00102,0.0,65003,576851,251470,2.29
56873,701,2021.04.09,71,0,0.56873,0.00701,0.00071,0.0,65003,576851,251470,2.29
56873,701,2021.04.10,0,0,0.56873,0.00701,0.0,0.0,65003,576851,251470,2.29
56873,701,2021.04.11,0,0,0.56873,0.00701,0.0,0.0,65003,576851,251470,2.29
56988,701,2021.04.12,115,0,0.56988,0.00701,0.00115,0.0,65003,576851,251470,2.29
57070,703,2021.04.13,82,2,0.5707,0.00703,0.00082,2e-05,65003,576851,251470,2.29
57127,703,2021.04.14,57,0,0.57127,0.00703,0.00057,0.0,65003,576851,251470,2.29
57203,703,2021.04.15,76,0,0.57203,0.00703,0.00076,0.0,65003,576851,251470,2.29
57267,703,2021.04.16,64,0,0.57267,0.00703,0.00064,0.0,65003,576851,251470,2.29
57267,703,2021.04.17,0,0,0.57267,0.00703,0.0,0.0,65003,576851,251470,2.29
57267,703,2021.04.18,0,0,0.57267,0.00703,0.0,0.0,65003,576851,251470,2.29
57378,703,2021.04.19,111,0,0.57378,0.00703,0.00111,0.0,65003,576851,251470,2.29
57456,705,2021.04.20,78,2,0.57456,0.00705,0.00078,2e-05,65003,576851,251470,2.29
57518,705,2021.04.21,62,0,0.57518,0.00705,0.00062,0.0,65003,576851,251470,2.29
57613,705,2021.04.22,95,0,0.57613,0.00705,0.00095,0.0,65003,576851,251470,2.29
57696,705,2021.04.23,83,0,0.57696,0.00705,0.00083,0.0,65003,576851,251470,2.29
57696,705,2021.04.24,0,0,0.57696,0.00705,0.0,0.0,65003,576851,251470,2.29
57696,705,2021.04.25,0,0,0.57696,0.00705,0.0,0.0,65003,576851,251470,2.29
57818,705,2021.04.26,122,0,0.57818,0.00705,0.00122,0.0,65003,576851,251470,2.29
57883,707,2021.04.27,65,2,0.57883,0.00707,0.00065,2e-05,65003,576851,251470,2.29
57999,707,2021.04.28,116,0,0.57999,0.00707,0.00116,0.0,65003,576851,251470,2.29
58069,707,2021.04.29,70,0,0.58069,0.00707,0.0007,0.0,65003,576851,251470,2.29
58142,707,2021.04.30,73,0,0.58142,0.00707,0.00073,0.0,65003,576851,251470,2.29
58142,707,2021.05.01,0,0,0.58142,0.00707,0.0,0.0,65003,576851,251470,2.29
58142,707,2021.05.02,0,0,0.58142,0.00707,0.0,0.0,65003,576851,251470,2.29
58290,707,2021.05.03,148,0,0.5829,0.00707,0.00148,0.0,65003,576851,251470,2.29
58367,710,2021.05.04,77,3,0.58367,0.0071,0.00077,3e-05,65003,576851,251470,2.29
58438,710,2021.05.05,71,0,0.58438,0.0071,0.00071,0.0,65003,576851,251470,2.29
58527,710,2021.05.06,89,0,0.58527,0.0071,0.00089,0.0,65003,576851,251470,2.29
58623,710,2021.05.07,96,0,0.58623,0.0071,0.00096,0.0,65003,576851,251470,2.29
58623,710,2021.05.08,0,0,0.58623,0.0071,0.0,0.0,65003,576851,251470,2.29
58764,710,2021.05.10,141,0,0.58764,0.0071,0.00141,0.0,65003,576851,251470,2.29
58835,712,2021.05.11,71,2,0.58835,0.00712,0.00071,2e-05,65003,576851,251470,2.29
58893,712,2021.05.12,58,0,0.58893,0.00712,0.00058,0.0,65003,576851,251470,2.29
58996,712,2021.05.13,103,0,0.58996,0.00712,0.00103,0.0,65003,576851,251470,2.29
59079,712,2021.05.14,83,0,0.59079,0.00712,0.00083,0.0,65003,576851,251470,2.29
59079,712,2021.05.15,0,0,0.59079,0.00712,0.0,0.0,65003,576851,251470,2.29
59079,712,2021.05.16,0,0,0.59079,0.00712,0.0,0.0,65003,576851,251470,2.29
59222,712,2021.05.17,143,0,0.59222,0.00712,0.00143,0.0,65003,576851,251470,2.29
59321,713,2021.05.18,99,1,0.59321,0.00713,0.00099,1e-05,65003,576851,251470,2.29
59376,713,2021.05.19,55,0,0.59376,0.00713,0.00055,0.0,65003,576851,251470,2.29
59590,713,2021.05.20,214,0,0.5959,0.00713,0.00214,0.0,65003,576851,251470,2.29
59661,713,2021.05.21,71,0,0.59661,0.00713,0.00071,0.0,65003,576851,251470,2.29
59661,713,2021.05.22,0,0,0.59661,0.00713,0.0,0.0,65003,576851,251470,2.29
59661,713,2021.05.23,0,0,0.59661,0.00713,0.0,0.0,65003,576851,251470,2.29
59797,713,2021.05.24,136,0,0.59797,0.00713,0.00136,0.0,65003,576851,251470,2.29
59870,719,2021.05.25,73,6,0.5987,0.00719,0.00073,6e-05,65003,576851,251470,2.29
59961,719,2021.05.26,91,0,0.59961,0.00719,0.00091,0.0,65003,576851,251470,2.29
60048,719,2021.05.27,87,0,0.60048,0.00719,0.00087,0.0,65003,576851,251470,2.29
60144,719,2021.05.28,96,0,0.60144,0.00719,0.00096,0.0,65003,576851,251470,2.29
60144,719,2021.05.29,0,0,0.60144,0.00719,0.0,0.0,65003,576851,251470,2.29
60144,719,2021.05.30,0,0,0.60144,0.00719,0.0,0.0,65003,576851,251470,2.29
60144,719,2021.05.31,0,0,0.60144,0.00719,0.0,0.0,65003,576851,251470,2.29
60374,720,2021.06.01,230,1,0.60374,0.0072,0.0023,1e-05,65003,576851,251470,2.29
60447,720,2021.06.02,73,0,0.60447,0.0072,0.00073,0.0,65003,576851,251470,2.29
60549,720,2021.06.03,102,0,0.60549,0.0072,0.00102,0.0,65003,576851,251470,2.29
60628,720,2021.06.04,79,0,0.60628,0.0072,0.00079,0.0,65003,576851,251470,2.29
60628,720,2021.06.05,0,0,0.60628,0.0072,0.0,0.0,65003,576851,251470,2.29
60628,720,2021.06.06,0,0,0.60628,0.0072,0.0,0.0,65003,576851,251470,2.29
60779,720,2021.06.07,151,0,0.60779,0.0072,0.00151,0.0,65003,576851,251470,2.29
60849,725,2021.06.08,70,5,0.60849,0.00725,0.0007,5e-05,65003,576851,251470,2.29
60941,725,2021.06.09,92,0,0.60941,0.00725,0.00092,0.0,65003,576851,251470,2.29
61012,725,2021.06.10,71,0,0.61012,0.00725,0.00071,0.0,65003,576851,251470,2.29
61114,725,2021.06.11,102,0,0.61114,0.00725,0.00102,0.0,65003,576851,251470,2.29
61114,725,2021.06.12,0,0,0.61114,0.00725,0.0,0.0,65003,576851,251470,2.29
61114,725,2021.06.13,0,0,0.61114,0.00725,0.0,0.0,65003,576851,251470,2.29
61234,725,2021.06.14,120,0,0.61234,0.00725,0.0012,0.0,65003,576851,251470,2.29
61303,734,2021.06.15,69,9,0.61303,0.00734,0.00069,9e-05,65003,576851,251470,2.29
61359,734,2021.06.16,56,0,0.61359,0.00734,0.00056,0.0,65003,576851,251470,2.29
61425,734,2021.06.17,66,0,0.61425,0.00734,0.00066,0.0,65003,576851,251470,2.29
61490,734,2021.06.18,65,0,0.6149,0.00734,0.00065,0.0,65003,576851,251470,2.29
61490,734,2021.06.19,0,0,0.6149,0.00734,0.0,0.0,65003,576851,251470,2.29
61490,734,2021.06.20,0,0,0.6149,0.00734,0.0,0.0,65003,576851,251470,2.29
61630,734,2021.06.21,140,0,0.6163,0.00734,0.0014,0.0,65003,576851,251470,2.29
61704,734,2021.06.22,74,0,0.61704,0.00734,0.00074,0.0,65003,576851,251470,2.29
61776,740,2021.06.23,72,6,0.61776,0.0074,0.00072,6e-05,65003,576851,251470,2.29
61847,740,2021.06.24,71,0,0.61847,0.0074,0.00071,0.0,65003,576851,251470,2.29
61951,740,2021.06.25,104,0,0.61951,0.0074,0.00104,0.0,65003,576851,251470,2.29
61951,740,2021.06.26,0,0,0.61951,0.0074,0.0,0.0,65003,576851,251470,2.29
61951,740,2021.06.27,0,0,0.61951,0.0074,0.0,0.0,65003,576851,251470,2.29
62099,740,2021.06.28,148,0,0.62099,0.0074,0.00148,0.0,65003,576851,251470,2.29
62195,747,2021.06.29,96,7,0.62195,0.00747,0.00096,7e-05,65003,576851,251470,2.29
62290,747,2021.06.30,95,0,0.6229,0.00747,0.00095,0.0,65003,576851,251470,2.29
62353,747,2021.07.01,63,0,0.62353,0.00747,0.00063,0.0,65003,576851,251470,2.29
62445,747,2021.07.02,92,0,0.62445,0.00747,0.00092,0.0,65003,576851,251470,2.29
62445,747,2021.07.03,0,0,0.62445,0.00747,0.0,0.0,65003,576851,251470,2.29
62445,747,2021.07.04,0,0,0.62445,0.00747,0.0,0.0,65003,576851,251470,2.29
62445,747,2021.07.05,0,0,0.62445,0.00747,0.0,0.0,65003,576851,251470,2.29
62642,751,2021.07.06,197,4,0.62642,0.00751,0.00197,4e-05,65003,576851,251470,2.29
62737,751,2021.07.07,95,0,0.62737,0.00751,0.00095,0.0,65003,576851,251470,2.29
62865,751,2021.07.08,128,0,0.62865,0.00751,0.00128,0.0,65003,576851,251470,2.29
62966,751,2021.07.09,101,0,0.62966,0.00751,0.00101,0.0,65003,576851,251470,2.29
62966,751,2021.07.10,0,0,0.62966,0.00751,0.0,0.0,65003,576851,251470,2.29
62966,751,2021.07.11,0,0,0.62966,0.00751,0.0,0.0,65003,576851,251470,2.29
63235,760,2021.07.13,269,9,0.63235,0.0076,0.00269,9e-05,65003,576851,251470,2.29
63331,760,2021.07.14,96,0,0.63331,0.0076,0.00096,0.0,65003,576851,251470,2.29
63455,760,2021.07.15,124,0,0.63455,0.0076,0.00124,0.0,65003,576851,251470,2.29
63523,760,2021.07.16,68,0,0.63523,0.0076,0.00068,0.0,65003,576851,251470,2.29
63523,760,2021.07.17,0,0,0.63523,0.0076,0.0,0.0,65003,576851,251470,2.29
63523,760,2021.07.18,0,0,0.63523,0.0076,0.0,0.0,65003,576851,251470,2.29
63709,760,2021.07.19,186,0,0.63709,0.0076,0.00186,0.0,65003,576851,251470,2.29
63840,766,2021.07.20,131,6,0.6384,0.00766,0.00131,6e-05,65003,576851,251470,2.29
63988,766,2021.07.21,148,0,0.63988,0.00766,0.00148,0.0,65003,576851,251470,2.29
64251,766,2021.07.23,263,0,0.64251,0.00766,0.00263,0.0,65003,576851,251470,2.29
64251,766,2021.07.24,0,0,0.64251,0.00766,0.0,0.0,65003,576851,251470,2.29
64251,766,2021.07.25,0,0,0.64251,0.00766,0.0,0.0,65003,576851,251470,2.29
64451,766,2021.07.26,200,0,0.64451,0.00766,0.002,0.0,65003,576851,251470,2.29
64623,776,2021.07.27,172,10,0.64623,0.00776,0.00172,0.0001,65003,576851,251470,2.29
64623,776,2021.07.28,0,0,0.64623,0.00776,0.0,0.0,65003,576851,251470,2.29
64955,776,2021.07.29,332,0,0.64955,0.00776,0.00332,0.0,65003,576851,251470,2.29
65127,776,2021.07.30,172,0,0.65127,0.00776,0.00172,0.0,65003,576851,251470,2.29
65127,776,2021.07.31,0,0,0.65127,0.00776,0.0,0.0,65003,576851,251470,2.29
65127,776,2021.08.01,0,0,0.65127,0.00776,0.0,0.0,65003,576851,251470,2.29
65467,776,2021.08.02,340,0,0.65467,0.00776,0.0034,0.0,65003,576851,251470,2.29
65704,786,2021.08.03,237,10,0.65704,0.00786,0.00237,0.0001,65003,576851,251470,2.29
65953,786,2021.08.04,249,0,0.65953,0.00786,0.00249,0.0,65003,576851,251470,2.29
66200,786,2021.08.05,247,0,0.662,0.00786,0.00247,0.0,65003,576851,251470,2.29
66453,786,2021.08.06,253,0,0.66453,0.00786,0.00253,0.0,65003,576851,251470,2.29
66453,786,2021.08.07,0,0,0.66453,0.00786,0.0,0.0,65003,576851,251470,2.29
66453,786,2021.08.08,0,0,0.66453,0.00786,0.0,0.0,65003,576851,251470,2.29
67026,786,2021.08.09,573,0,0.67026,0.00786,0.00573,0.0,65003,576851,251470,2.29
67326,793,2021.08.10,300,7,0.67326,0.00793,0.003,7e-05,65003,576851,251470,2.29
67582,793,2021.08.11,256,0,0.67582,0.00793,0.00256,0.0,65003,576851,251470,2.29
67957,793,2021.08.12,375,0,0.67957,0.00793,0.00375,0.0,65003,576851,251470,2.29
68272,793,2021.08.13,315,0,0.68272,0.00793,0.00315,0.0,65003,576851,251470,2.29
68272,793,2021.08.14,0,0,0.68272,0.00793,0.0,0.0,65003,576851,251470,2.29
68272,793,2021.08.15,0,0,0.68272,0.00793,0.0,0.0,65003,576851,251470,2.29
68944,793,2021.08.16,672,0,0.68944,0.00793,0.00672,0.0,65003,576851,251470,2.29
69356,809,2021.08.17,412,16,0.69356,0.00809,0.00412,0.00016,65003,576851,251470,2.29
69844,809,2021.08.18,488,0,0.69844,0.00809,0.00488,0.0,65003,576851,251470,2.29
70150,809,2021.08.19,306,0,0.7015,0.00809,0.00306,0.0,65003,576851,251470,2.29
70671,809,2021.08.20,521,0,0.70671,0.00809,0.00521,0.0,65003,576851,251470,2.29
70671,809,2021.08.21,0,0,0.70671,0.00809,0.0,0.0,65003,576851,251470,2.29
70671,809,2021.08.22,0,0,0.70671,0.00809,0.0,0.0,65003,576851,251470,2.29
71562,809,2021.08.23,891,0,0.71562,0.00809,0.00891,0.0,65003,576851,251470,2.29
72069,835,2021.08.24,507,26,0.72069,0.00835,0.00507,0.00026,65003,576851,251470,2.29
72528,835,2021.08.25,459,0,0.72528,0.00835,0.00459,0.0,65003,576851,251470,2.29
72995,835,2021.08.26,467,0,0.72995,0.00835,0.00467,0.0,65003,576851,251470,2.29
73467,835,2021.08.27,472,0,0.73467,0.00835,0.00472,0.0,65003,576851,251470,2.29
73467,835,2021.08.28,0,0,0.73467,0.00835,0.0,0.0,65003,576851,251470,2.29
73467,835,2021.08.29,0,0,0.73467,0.00835,0.0,0.0,65003,576851,251470,2.29
74756,835,2021.08.30,1289,0,0.74756,0.00835,0.01289,0.0,65003,576851,251470,2.29
75136,858,2021.08.31,380,23,0.75136,0.00858,0.0038,0.00023,65003,576851,251470,2.29
76007,858,2021.09.01,871,0,0.76007,0.00858,0.00871,0.0,65003,576851,251470,2.29
76602,858,2021.09.02,595,0,0.76602,0.00858,0.00595,0.0,65003,576851,251470,2.29
77206,858,2021.09.03,604,0,0.77206,0.00858,0.00604,0.0,65003,576851,251470,2.29
77206,858,2021.09.04,0,0,0.77206,0.00858,0.0,0.0,65003,576851,251470,2.29
77206,858,2021.09.05,0,0,0.77206,0.00858,0.0,0.0,65003,576851,251470,2.29
77206,858,2021.09.06,0,0,0.77206,0.00858,0.0,0.0,65003,576851,251470,2.29
78495,879,2021.09.07,1289,21,0.78495,0.00879,0.01289,0.00021,65003,576851,251470,2.29
79297,879,2021.09.08,802,0,0.79297,0.00879,0.00802,0.0,65003,576851,251470,2.29
79830,879,2021.09.09,533,0,0.7983,0.00879,0.00533,0.0,65003,576851,251470,2.29
80643,879,2021.09.10,813,0,0.80643,0.00879,0.00813,0.0,65003,576851,251470,2.29
80643,879,2021.09.11,0,0,0.80643,0.00879,0.0,0.0,65003,576851,251470,2.29
80643,879,2021.09.12,0,0,0.80643,0.00879,0.0,0.0,65003,576851,251470,2.29
81825,879,2021.09.13,1182,0,0.81825,0.00879,0.01182,0.0,65003,576851,251470,2.29
82463,918,2021.09.14,638,39,0.82463,0.00918,0.00638,0.00039,65003,576851,251470,2.29
82897,918,2021.09.15,434,0,0.82897,0.00918,0.00434,0.0,65003,576851,251470,2.29
83643,918,2021.09.16,746,0,0.83643,0.00918,0.00746,0.0,65003,576851,251470,2.29
83958,918,2021.09.17,315,0,0.83958,0.00918,0.00315,0.0,65003,576851,251470,2.29
83958,918,2021.09.18,0,0,0.83958,0.00918,0.0,0.0,65003,576851,251470,2.29
83958,918,2021.09.19,0,0,0.83958,0.00918,0.0,0.0,65003,576851,251470,2.29
85499,918,2021.09.20,1541,0,0.85499,0.00918,0.01541,0.0,65003,576851,251470,2.29
86052,955,2021.09.21,553,37,0.86052,0.00955,0.00553,0.00037,65003,576851,251470,2.29
86594,955,2021.09.22,542,0,0.86594,0.00955,0.00542,0.0,65003,576851,251470,2.29
87351,955,2021.09.23,757,0,0.87351,0.00955,0.00757,0.0,65003,576851,251470,2.29
87866,955,2021.09.24,515,0,0.87866,0.00955,0.00515,0.0,65003,576851,251470,2.29
87866,955,2021.09.25,0,0,0.87866,0.00955,0.0,0.0,65003,576851,251470,2.29
87866,955,2021.09.26,0,0,0.87866,0.00955,0.0,0.0,65003,576851,251470,2.29
88935,955,2021.09.27,1069,0,0.88935,0.00955,0.01069,0.0,65003,576851,251470,2.29
89430,996,2021.09.28,495,41,0.8943,0.00996,0.00495,0.00041,65003,576851,251470,2.29
89965,996,2021.09.29,535,0,0.89965,0.00996,0.00535,0.0,65003,576851,251470,2.29
90602,996,2021.09.30,637,0,0.90602,0.00996,0.00637,0.0,65003,576851,251470,2.29
91169,996,2021.10.01,567,0,0.91169,0.00996,0.00567,0.0,65003,576851,251470,2.29
91169,996,2021.10.02,0,0,0.91169,0.00996,0.0,0.0,65003,576851,251470,2.29
91169,996,2021.10.03,0,0,0.91169,0.00996,0.0,0.0,65003,576851,251470,2.29
91979,996,2021.10.04,810,0,0.91979,0.00996,0.0081,0.0,65003,576851,251470,2.29
92415,1041,2021.10.05,436,45,0.92415,0.01041,0.00436,0.00045,65003,576851,251470,2.29
93083,1041,2021.10.06,668,0,0.93083,0.01041,0.00668,0.0,65003,576851,251470,2.29
93764,1041,2021.10.07,681,0,0.93764,0.01041,0.00681,0.0,65003,576851,251470,2.29
94303,1041,2021.10.08,539,0,0.94303,0.01041,0.00539,0.0,65003,576851,251470,2.29
94303,1041,2021.10.09,0,0,0.94303,0.01041,0.0,0.0,65003,576851,251470,2.29
94303,1041,2021.10.10,0,0,0.94303,0.01041,0.0,0.0,65003,576851,251470,2.29
95137,1041,2021.10.11,834,0,0.95137,0.01041,0.00834,0.0,65003,576851,251470,2.29
95620,1080,2021.10.12,483,39,0.9562,0.0108,0.00483,0.00039,65003,576851,251470,2.29
96059,1080,2021.10.13,439,0,0.96059,0.0108,0.00439,0.0,65003,576851,251470,2.29
96664,1080,2021.10.14,605,0,0.96664,0.0108,0.00605,0.0,65003,576851,251470,2.29
97137,1080,2021.10.15,473,0,0.97137,0.0108,0.00473,0.0,65003,576851,251470,2.29
97137,1080,2021.10.16,0,0,0.97137,0.0108,0.0,0.0,65003,576851,251470,2.29
97137,1080,2021.10.17,0,0,0.97137,0.0108,0.0,0.0,65003,576851,251470,2.29
98165,1080,2021.10.18,1028,0,0.98165,0.0108,0.01028,0.0,65003,576851,251470,2.29
98567,1136,2021.10.19,402,56,0.98567,0.01136,0.00402,0.00056,65003,576851,251470,2.29
99007,1136,2021.10.20,440,0,0.99007,0.01136,0.0044,0.0,65003,576851,251470,2.29
99662,1149,2021.10.21,655,13,0.99662,0.01149,0.00655,0.00013,65003,576851,251470,2.29
100174,1149,2021.10.22,512,0,1.00174,0.01149,0.00512,0.0,65003,576851,251470,2.29
100174,1149,2021.10.23,0,0,1.00174,0.01149,0.0,0.0,65003,576851,251470,2.29
100174,1149,2021.10.24,0,0,1.00174,0.01149,0.0,0.0,65003,576851,251470,2.29
101083,1149,2021.10.25,909,0,1.01083,0.01149,0.00909,0.0,65003,576851,251470,2.29
101424,1174,2021.10.26,341,25,1.01424,0.01174,0.00341,0.00025,65003,576851,251470,2.29
101912,1174,2021.10.27,488,0,1.01912,0.01174,0.00488,0.0,65003,576851,251470,2.29
102403,1174,2021.10.28,491,0,1.02403,0.01174,0.00491,0.0,65003,576851,251470,2.29
102926,1174,2021.10.29,523,0,1.02926,0.01174,0.00523,0.0,65003,576851,251470,2.29
102926,1174,2021.10.30,0,0,1.02926,0.01174,0.0,0.0,65003,576851,251470,2.29
102926,1174,2021.10.31,0,0,1.02926,0.01174,0.0,0.0,65003,576851,251470,2.29
103622,1174,2021.11.01,696,0,1.03622,0.01174,0.00696,0.0,65003,576851,251470,2.29
103926,1207,2021.11.02,304,33,1.03926,0.01207,0.00304,0.00033,65003,576851,251470,2.29
104403,1243,2021.11.03,477,36,1.04403,0.01243,0.00477,0.00036,65003,576851,251470,2.29
104940,1243,2021.11.04,537,0,1.0494,0.01243,0.00537,0.0,65003,576851,251470,2.29
105318,1243,2021.11.05,378,0,1.05318,0.01243,0.00378,0.0,65003,576851,251470,2.29
105318,1243,2021.11.06,0,0,1.05318,0.01243,0.0,0.0,65003,576851,251470,2.29
105318,1243,2021.11.07,0,0,1.05318,0.01243,0.0,0.0,65003,576851,251470,2.29
105990,1243,2021.11.08,672,0,1.0599,0.01243,0.00672,0.0,65003,576851,251470,2.29
106287,1298,2021.11.09,297,55,1.06287,0.01298,0.00297,0.00055,65003,576851,251470,2.29
106698,1298,2021.11.10,411,0,1.06698,0.01298,0.00411,0.0,65003,576851,251470,2.29
106698,1298,2021.11.11,0,0,1.06698,0.01298,0.0,0.0,65003,576851,251470,2.29
107483,1298,2021.11.12,785,0,1.07483,0.01298,0.00785,0.0,65003,576851,251470,2.29
107483,1298,2021.11.13,0,0,1.07483,0.01298,0.0,0.0,65003,576851,251470,2.29
107483,1298,2021.11.14,0,0,1.07483,0.01298,0.0,0.0,65003,576851,251470,2.29
108103,1298,2021.11.15,620,0,1.08103,0.01298,0.0062,0.0,65003,576851,251470,2.29
108413,1347,2021.11.16,310,49,1.08413,0.01347,0.0031,0.00049,65003,576851,251470,2.29
108658,1347,2021.11.17,245,0,1.08658,0.01347,0.00245,0.0,65003,576851,251470,2.29
109083,1347,2021.11.18,425,0,1.09083,0.01347,0.00425,0.0,65003,576851,251470,2.29
109318,1347,2021.11.19,235,0,1.09318,0.01347,0.00235,0.0,65003,576851,251470,2.29
109318,1347,2021.11.20,0,0,1.09318,0.01347,0.0,0.0,65003,576851,251470,2.29
109318,1347,2021.11.21,0,0,1.09318,0.01347,0.0,0.0,65003,576851,251470,2.29
109802,1347,2021.11.22,484,0,1.09802,0.01347,0.00484,0.0,65003,576851,251470,2.29
110051,1347,2021.11.23,249,0,1.10051,0.01347,0.00249,0.0,65003,576851,251470,2.29
110264,1347,2021.11.24,213,0,1.10264,0.01347,0.00213,0.0,65003,576851,251470,2.29
110264,1347,2021.11.25,0,0,1.10264,0.01347,0.0,0.0,65003,576851,251470,2.29
110264,1347,2021.11.26,0,0,1.10264,0.01347,0.0,0.0,65003,576851,251470,2.29
110264,1347,2021.11.27,0,0,1.10264,0.01347,0.0,0.0,65003,576851,251470,2.29
110264,1347,2021.11.28,0,0,1.10264,0.01347,0.0,0.0,65003,576851,251470,2.29
110824,1347,2021.11.29,560,0,1.10824,0.01347,0.0056,0.0,65003,576851,251470,2.29
111089,1428,2021.11.30,265,81,1.11089,0.01428,0.00265,0.00081,65003,576851,251470,2.29
111275,1428,2021.12.01,186,0,1.11275,0.01428,0.00186,0.0,65003,576851,251470,2.29
111560,1428,2021.12.02,285,0,1.1156,0.01428,0.00285,0.0,65003,576851,251470,2.29
111812,1428,2021.12.03,252,0,1.11812,0.01428,0.00252,0.0,65003,576851,251470,2.29
111812,1428,2021.12.04,0,0,1.11812,0.01428,0.0,0.0,65003,576851,251470,2.29
111812,1428,2021.12.05,0,0,1.11812,0.01428,0.0,0.0,65003,576851,251470,2.29
112199,1428,2021.12.06,387,0,1.12199,0.01428,0.00387,0.0,65003,576851,251470,2.29
112368,1472,2021.12.07,169,44,1.12368,0.01472,0.00169,0.00044,65003,576851,251470,2.29
112551,1472,2021.12.08,183,0,1.12551,0.01472,0.00183,0.0,65003,576851,251470,2.29
112731,1472,2021.12.09,180,0,1.12731,0.01472,0.0018,0.0,65003,576851,251470,2.29
112862,1472,2021.12.10,131,0,1.12862,0.01472,0.00131,0.0,65003,576851,251470,2.29
133495,1601,2022.01.20,20633,129,1.33495,0.01601,0.20633,0.00129,65003,576851,251470,2.29
135369,1601,2022.01.21,1874,0,1.35369,0.01601,0.01874,0.0,65003,576851,251470,2.29
135369,1601,2022.01.22,0,0,1.35369,0.01601,0.0,0.0,65003,576851,251470,2.29
135369,1601,2022.01.23,0,0,1.35369,0.01601,0.0,0.0,65003,576851,251470,2.29
137873,1601,2022.01.24,2504,0,1.37873,0.01601,0.02504,0.0,65003,576851,251470,2.29
139461,1625,2022.01.25,1588,24,1.39461,0.01625,0.01588,0.00024,65003,576851,251470,2.29
141090,1625,2022.01.26,1629,0,1.4109,0.01625,0.01629,0.0,65003,576851,251470,2.29
143129,1625,2022.01.27,2039,0,1.43129,0.01625,0.02039,0.0,65003,576851,251470,2.29
144526,1625,2022.01.28,1397,0,1.44526,0.01625,0.01397,0.0,65003,576851,251470,2.29
144526,1625,2022.01.30,0,0,1.44526,0.01625,0.0,0.0,65003,576851,251470,2.29
146505,1625,2022.01.31,1979,0,1.46505,0.01625,0.01979,0.0,65003,576851,251470,2.29
147305,1650,2022.02.01,800,25,1.47305,0.0165,0.008,0.00025,65003,576851,251470,2.29
148382,1650,2022.02.02,1077,0,1.48382,0.0165,0.01077,0.0,65003,576851,251470,2.29
149126,1650,2022.02.03,744,0,1.49126,0.0165,0.00744,0.0,65003,576851,251470,2.29
149842,1650,2022.02.04,716,0,1.49842,0.0165,0.00716,0.0,65003,576851,251470,2.29
149842,1650,2022.02.05,0,0,1.49842,0.0165,0.0,0.0,65003,576851,251470,2.29
149842,1650,2022.02.06,0,0,1.49842,0.0165,0.0,0.0,65003,576851,251470,2.29
150722,1650,2022.02.07,880,0,1.50722,0.0165,0.0088,0.0,65003,576851,251470,2.29
151159,1667,2022.02.08,437,17,1.51159,0.01667,0.00437,0.00017,65003,576851,251470,2.29
151803,1667,2022.02.09,644,0,1.51803,0.01667,0.00644,0.0,65003,576851,251470,2.29
152206,1667,2022.02.10,403,0,1.52206,0.01667,0.00403,0.0,65003,576851,251470,2.29
152581,1667,2022.02.11,375,0,1.52581,0.01667,0.00375,0.0,65003,576851,251470,2.29
152581,1667,2022.02.12,0,0,1.52581,0.01667,0.0,0.0,65003,576851,251470,2.29
152581,1667,2022.02.13,0,0,1.52581,0.01667,0.0,0.0,65003,576851,251470,2.29
153095,1667,2022.02.14,514,0,1.53095,0.01667,0.00514,0.0,65003,576851,251470,2.29
153335,1689,2022.02.15,240,22,1.53335,0.01689,0.0024,0.00022,65003,576851,251470,2.29
153663,1689,2022.02.16,328,0,1.53663,0.01689,0.00328,0.0,65003,576851,251470,2.29
153850,1689,2022.02.17,187,0,1.5385,0.01689,0.00187,0.0,65003,576851,251470,2.29
154082,1689,2022.02.18,232,0,1.54082,0.01689,0.00232,0.0,65003,576851,251470,2.29
154082,1689,2022.02.19,0,0,1.54082,0.01689,0.0,0.0,65003,576851,251470,2.29
154082,1689,2022.02.20,0,0,1.54082,0.01689,0.0,0.0,65003,576851,251470,2.29
154082,1689,2022.02.21,0,0,1.54082,0.01689,0.0,0.0,65003,576851,251470,2.29
154549,1718,2022.02.22,467,29,1.54549,0.01718,0.00467,0.00029,65003,576851,251470,2.29
154662,1718,2022.02.23,113,0,1.54662,0.01718,0.00113,0.0,65003,576851,251470,2.29
154797,1718,2022.02.24,135,0,1.54797,0.01718,0.00135,0.0,65003,576851,251470,2.29
154909,1718,2022.02.26,112,0,1.54909,0.01718,0.00112,0.0,65003,576851,251470,2.29
154909,1718,2022.02.27,0,0,1.54909,0.01718,0.0,0.0,65003,576851,251470,2.29
155101,1736,2022.02.28,192,18,1.55101,0.01736,0.00192,0.00018,65003,576851,251470,2.29
155184,1741,2022.03.01,83,5,1.55184,0.01741,0.00083,5e-05,65003,576851,251470,2.29
155277,1741,2022.03.02,93,0,1.55277,0.01741,0.00093,0.0,65003,576851,251470,2.29
155426,1741,2022.03.04,149,0,1.55426,0.01741,0.00149,0.0,65003,576851,251470,2.29
155426,1741,2022.03.05,0,0,1.55426,0.01741,0.0,0.0,65003,576851,251470,2.29
155426,1741,2022.03.06,0,0,1.55426,0.01741,0.0,0.0,65003,576851,251470,2.29
155492,1741,2022.03.07,66,0,1.55492,0.01741,0.00066,0.0,65003,576851,251470,2.29
155558,1749,2022.03.08,66,8,1.55558,0.01749,0.00066,8e-05,65003,576851,251470,2.29
155629,1749,2022.03.09,71,0,1.55629,0.01749,0.00071,0.0,65003,576851,251470,2.29
155686,1749,2022.03.10,57,0,1.55686,0.01749,0.00057,0.0,65003,576851,251470,2.29
155744,1749,2022.03.12,58,0,1.55744,0.01749,0.00058,0.0,65003,576851,251470,2.29
155744,1749,2022.03.13,0,0,1.55744,0.01749,0.0,0.0,65003,576851,251470,2.29
155744,1749,2022.03.14,0,0,1.55744,0.01749,0.0,0.0,65003,576851,251470,2.29
155815,1769,2022.03.15,71,20,1.55815,0.01769,0.00071,0.0002,65003,576851,251470,2.29
155815,1769,2022.03.16,0,0,1.55815,0.01769,0.0,0.0,65003,576851,251470,2.29
155815,1769,2022.03.17,0,0,1.55815,0.01769,0.0,0.0,65003,576851,251470,2.29
155907,1769,2022.03.18,92,0,1.55907,0.01769,0.00092,0.0,65003,576851,251470,2.29
155907,1769,2022.03.19,0,0,1.55907,0.01769,0.0,0.0,65003,576851,251470,2.29
155907,1769,2022.03.20,0,0,1.55907,0.01769,0.0,0.0,65003,576851,251470,2.29
155907,1769,2022.03.21,0,0,1.55907,0.01769,0.0,0.0,65003,576851,251470,2.29
155988,1783,2022.03.22,81,14,1.55988,0.01783,0.00081,0.00014,65003,576851,251470,2.29
155988,1783,2022.03.23,0,0,1.55988,0.01783,0.0,0.0,65003,576851,251470,2.29
155988,1783,2022.03.24,0,0,1.55988,0.01783,0.0,0.0,65003,576851,251470,2.29
156056,1783,2022.03.25,68,0,1.56056,0.01783,0.00068,0.0,65003,576851,251470,2.29
156056,1783,2022.03.26,0,0,1.56056,0.01783,0.0,0.0,65003,576851,251470,2.29
156056,1783,2022.03.27,0,0,1.56056,0.01783,0.0,0.0,65003,576851,251470,2.29
156056,1783,2022.03.28,0,0,1.56056,0.01783,0.0,0.0,65003,576851,251470,2.29
156112,1791,2022.03.29,56,8,1.56112,0.01791,0.00056,8e-05,65003,576851,251470,2.29
156112,1791,2022.03.30,0,0,1.56112,0.01791,0.0,0.0,65003,576851,251470,2.29
156112,1791,2022.03.31,0,0,1.56112,0.01791,0.0,0.0,65003,576851,251470,2.29
156167,1791,2022.04.01,55,0,1.56167,0.01791,0.00055,0.0,65003,576851,251470,2.29
156167,1791,2022.04.02,0,0,1.56167,0.01791,0.0,0.0,65003,576851,251470,2.29
156167,1791,2022.04.03,0,0,1.56167,0.01791,0.0,0.0,65003,576851,251470,2.29
156167,1791,2022.04.04,0,0,1.56167,0.01791,0.0,0.0,65003,576851,251470,2.29
156264,1796,2022.04.05,97,5,1.56264,0.01796,0.00097,5e-05,65003,576851,251470,2.29
156264,1796,2022.04.06,0,0,1.56264,0.01796,0.0,0.0,65003,576851,251470,2.29
156264,1796,2022.04.07,0,0,1.56264,0.01796,0.0,0.0,65003,576851,251470,2.29
156281,1796,2022.04.08,17,0,1.56281,0.01796,0.00017,0.0,65003,576851,251470,2.29
156281,1796,2022.04.09,0,0,1.56281,0.01796,0.0,0.0,65003,576851,251470,2.29
156281,1796,2022.04.10,0,0,1.56281,0.01796,0.0,0.0,65003,576851,251470,2.29
156281,1796,2022.04.11,0,0,1.56281,0.01796,0.0,0.0,65003,576851,251470,2.29
156258,1801,2022.04.12,-23,5,1.56258,0.01801,-0.00023,5e-05,65003,576851,251470,2.29
156258,1801,2022.04.13,0,0,1.56258,0.01801,0.0,0.0,65003,576851,251470,2.29
156258,1801,2022.04.14,0,0,1.56258,0.01801,0.0,0.0,65003,576851,251470,2.29
156258,1801,2022.04.15,0,0,1.56258,0.01801,0.0,0.0,65003,576851,251470,2.29
156258,1801,2022.04.16,0,0,1.56258,0.01801,0.0,0.0,65003,576851,251470,2.29
156258,1801,2022.04.17,0,0,1.56258,0.01801,0.0,0.0,65003,576851,251470,2.29
156258,1801,2022.04.18,0,0,1.56258,0.01801,0.0,0.0,65003,576851,251470,2.29
156392,1807,2022.04.19,134,6,1.56392,0.01807,0.00134,6e-05,65003,576851,251470,2.29
156392,1807,2022.04.20,0,0,1.56392,0.01807,0.0,0.0,65003,576851,251470,2.29
156392,1807,2022.04.21,0,0,1.56392,0.01807,0.0,0.0,65003,576851,251470,2.29
156392,1807,2022.04.22,0,0,1.56392,0.01807,0.0,0.0,65003,576851,251470,2.29
156392,1807,2022.04.23,0,0,1.56392,0.01807,0.0,0.0,65003,576851,251470,2.29
156392,1807,2022.04.24,0,0,1.56392,0.01807,0.0,0.0,65003,576851,251470,2.29
156392,1807,2022.04.25,0,0,1.56392,0.01807,0.0,0.0,65003,576851,251470,2.29
156550,1812,2022.04.26,158,5,1.5655,0.01812,0.00158,5e-05,65003,576851,251470,2.29
156550,1812,2022.04.27,0,0,1.5655,0.01812,0.0,0.0,65003,576851,251470,2.29
156550,1812,2022.04.28,0,0,1.5655,0.01812,0.0,0.0,65003,576851,251470,2.29
156550,1812,2022.04.29,0,0,1.5655,0.01812,0.0,0.0,65003,576851,251470,2.29
156550,1812,2022.04.30,0,0,1.5655,0.01812,0.0,0.0,65003,576851,251470,2.29
156550,1812,2022.05.01,0,0,1.5655,0.01812,0.0,0.0,65003,576851,251470,2.29
156550,1812,2022.05.02,0,0,1.5655,0.01812,0.0,0.0,65003,576851,251470,2.29
156745,1814,2022.05.03,195,2,1.56745,0.01814,0.00195,2e-05,65003,576851,251470,2.29
156745,1814,2022.05.04,0,0,1.56745,0.01814,0.0,0.0,65003,576851,251470,2.29
156745,1814,2022.05.05,0,0,1.56745,0.01814,0.0,0.0,65003,576851,251470,2.29
156745,1814,2022.05.06,0,0,1.56745,0.01814,0.0,0.0,65003,576851,251470,2.29
156745,1814,2022.05.07,0,0,1.56745,0.01814,0.0,0.0,65003,576851,251470,2.29
156745,1814,2022.05.08,0,0,1.56745,0.01814,0.0,0.0,65003,576851,251470,2.29
156745,1814,2022.05.09,0,0,1.56745,0.01814,0.0,0.0,65003,576851,251470,2.29
157031,1817,2022.05.10,286,3,1.57031,0.01817,0.00286,3e-05,65003,576851,251470,2.29
157031,1817,2022.05.11,0,0,1.57031,0.01817,0.0,0.0,65003,576851,251470,2.29
157031,1817,2022.05.12,0,0,1.57031,0.01817,0.0,0.0,65003,576851,251470,2.29
157031,1817,2022.05.14,0,0,1.57031,0.01817,0.0,0.0,65003,576851,251470,2.29
157031,1817,2022.05.15,0,0,1.57031,0.01817,0.0,0.0,65003,576851,251470,2.29
157031,1817,2022.05.16,0,0,1.57031,0.01817,0.0,0.0,65003,576851,251470,2.29
157409,1820,2022.05.17,378,3,1.57409,0.0182,0.00378,3e-05,65003,576851,251470,2.29
157409,1820,2022.05.18,0,0,1.57409,0.0182,0.0,0.0,65003,576851,251470,2.29
157409,1820,2022.05.19,0,0,1.57409,0.0182,0.0,0.0,65003,576851,251470,2.29
157409,1820,2022.05.20,0,0,1.57409,0.0182,0.0,0.0,65003,576851,251470,2.29
157409,1820,2022.05.21,0,0,1.57409,0.0182,0.0,0.0,65003,576851,251470,2.29
157409,1820,2022.05.22,0,0,1.57409,0.0182,0.0,0.0,65003,576851,251470,2.29
157409,1820,2022.05.23,0,0,1.57409,0.0182,0.0,0.0,65003,576851,251470,2.29
157861,1820,2022.05.25,452,0,1.57861,0.0182,0.00452,0.0,65003,576851,251470,2.29
157861,1820,2022.05.26,0,0,1.57861,0.0182,0.0,0.0,65003,576851,251470,2.29
157861,1820,2022.05.27,0,0,1.57861,0.0182,0.0,0.0,65003,576851,251470,2.29
157861,1820,2022.05.28,0,0,1.57861,0.0182,0.0,0.0,65003,576851,251470,2.29
157861,1820,2022.05.29,0,0,1.57861,0.0182,0.0,0.0,65003,576851,251470,2.29
157861,1820,2022.05.30,0,0,1.57861,0.0182,0.0,0.0,65003,576851,251470,2.29
158472,1820,2022.05.31,611,0,1.58472,0.0182,0.00611,0.0,65003,576851,251470,2.29
158472,1820,2022.06.01,0,0,1.58472,0.0182,0.0,0.0,65003,576851,251470,2.29
158472,1820,2022.06.02,0,0,1.58472,0.0182,0.0,0.0,65003,576851,251470,2.29
158472,1820,2022.06.03,0,0,1.58472,0.0182,0.0,0.0,65003,576851,251470,2.29
158472,1820,2022.06.04,0,0,1.58472,0.0182,0.0,0.0,65003,576851,251470,2.29
158472,1820,2022.06.05,0,0,1.58472,0.0182,0.0,0.0,65003,576851,251470,2.29
158472,1820,2022.06.06,0,0,1.58472,0.0182,0.0,0.0,65003,576851,251470,2.29
159907,1824,2022.06.07,1435,4,1.59907,0.01824,0.01435,4e-05,65003,576851,251470,2.29
159907,1824,2022.06.08,0,0,1.59907,0.01824,0.0,0.0,65003,576851,251470,2.29
159907,1824,2022.06.09,0,0,1.59907,0.01824,0.0,0.0,65003,576851,251470,2.29
159907,1824,2022.06.10,0,0,1.59907,0.01824,0.0,0.0,65003,576851,251470,2.29
159907,1824,2022.06.11,0,0,1.59907,0.01824,0.0,0.0,65003,576851,251470,2.29
159907,1824,2022.06.12,0,0,1.59907,0.01824,0.0,0.0,65003,576851,251470,2.29
159907,1824,2022.06.13,0,0,1.59907,0.01824,0.0,0.0,65003,576851,251470,2.29
162160,1824,2022.06.14,2253,0,1.6216,0.01824,0.02253,0.0,65003,576851,251470,2.29
162160,1824,2022.06.15,0,0,1.6216,0.01824,0.0,0.0,65003,576851,251470,2.29
162160,1824,2022.06.16,0,0,1.6216,0.01824,0.0,0.0,65003,576851,251470,2.29
162160,1824,2022.06.17,0,0,1.6216,0.01824,0.0,0.0,65003,576851,251470,2.29
162160,1824,2022.06.18,0,0,1.6216,0.01824,0.0,0.0,65003,576851,251470,2.29
162160,1824,2022.06.19,0,0,1.6216,0.01824,0.0,0.0,65003,576851,251470,2.29
162160,1824,2022.06.20,0,0,1.6216,0.01824,0.0,0.0,65003,576851,251470,2.29
163340,1829,2022.06.21,1180,5,1.6334,0.01829,0.0118,5e-05,65003,576851,251470,2.29
163340,1829,2022.06.22,0,0,1.6334,0.01829,0.0,0.0,65003,576851,251470,2.29
163340,1829,2022.06.23,0,0,1.6334,0.01829,0.0,0.0,65003,576851,251470,2.29
163340,1829,2022.06.24,0,0,1.6334,0.01829,0.0,0.0,65003,576851,251470,2.29
163340,1829,2022.06.25,0,0,1.6334,0.01829,0.0,0.0,65003,576851,251470,2.29
163340,1829,2022.06.26,0,0,1.6334,0.01829,0.0,0.0,65003,576851,251470,2.29
163340,1829,2022.06.27,0,0,1.6334,0.01829,0.0,0.0,65003,576851,251470,2.29
164456,1834,2022.06.28,1116,5,1.64456,0.01834,0.01116,5e-05,65003,576851,251470,2.29
164456,1834,2022.06.29,0,0,1.64456,0.01834,0.0,0.0,65003,576851,251470,2.29
164456,1834,2022.06.30,0,0,1.64456,0.01834,0.0,0.0,65003,576851,251470,2.29
164456,1834,2022.07.01,0,0,1.64456,0.01834,0.0,0.0,65003,576851,251470,2.29
164456,1834,2022.07.02,0,0,1.64456,0.01834,0.0,0.0,65003,576851,251470,2.29
164456,1834,2022.07.03,0,0,1.64456,0.01834,0.0,0.0,65003,576851,251470,2.29
164456,1834,2022.07.04,0,0,1.64456,0.01834,0.0,0.0,65003,576851,251470,2.29
165619,1834,2022.07.05,1163,0,1.65619,0.01834,0.01163,0.0,65003,576851,251470,2.29
165619,1834,2022.07.06,0,0,1.65619,0.01834,0.0,0.0,65003,576851,251470,2.29
165619,1834,2022.07.07,0,0,1.65619,0.01834,0.0,0.0,65003,576851,251470,2.29
165619,1834,2022.07.08,0,0,1.65619,0.01834,0.0,0.0,65003,576851,251470,2.29
165619,1834,2022.07.09,0,0,1.65619,0.01834,0.0,0.0,65003,576851,251470,2.29
165619,1834,2022.07.10,0,0,1.65619,0.01834,0.0,0.0,65003,576851,251470,2.29
165619,1834,2022.07.11,0,0,1.65619,0.01834,0.0,0.0,65003,576851,251470,2.29
167386,1845,2022.07.12,1767,11,1.67386,0.01845,0.01767,0.00011,65003,576851,251470,2.29
167386,1845,2022.07.13,0,0,1.67386,0.01845,0.0,0.0,65003,576851,251470,2.29
167386,1845,2022.07.14,0,0,1.67386,0.01845,0.0,0.0,65003,576851,251470,2.29
167386,1845,2022.07.15,0,0,1.67386,0.01845,0.0,0.0,65003,576851,251470,2.29
167386,1845,2022.07.16,0,0,1.67386,0.01845,0.0,0.0,65003,576851,251470,2.29
167386,1845,2022.07.17,0,0,1.67386,0.01845,0.0,0.0,65003,576851,251470,2.29
167386,1845,2022.07.18,0,0,1.67386,0.01845,0.0,0.0,65003,576851,251470,2.29
168678,1850,2022.07.19,1292,5,1.68678,0.0185,0.01292,5e-05,65003,576851,251470,2.29
168678,1850,2022.07.20,0,0,1.68678,0.0185,0.0,0.0,65003,576851,251470,2.29
168678,1850,2022.07.21,0,0,1.68678,0.0185,0.0,0.0,65003,576851,251470,2.29
168678,1850,2022.07.22,0,0,1.68678,0.0185,0.0,0.0,65003,576851,251470,2.29
168678,1850,2022.07.23,0,0,1.68678,0.0185,0.0,0.0,65003,576851,251470,2.29
168678,1850,2022.07.24,0,0,1.68678,0.0185,0.0,0.0,65003,576851,251470,2.29
168678,1850,2022.07.25,0,0,1.68678,0.0185,0.0,0.0,65003,576851,251470,2.29
170032,1857,2022.07.26,1354,7,1.70032,0.01857,0.01354,7e-05,65003,576851,251470,2.29
170031,1856,2022.07.27,-1,-1,1.70031,0.01856,-1e-05,-1e-05,65003,576851,251470,2.29
170031,1856,2022.07.28,0,0,1.70031,0.01856,0.0,0.0,65003,576851,251470,2.29
170031,1856,2022.07.29,0,0,1.70031,0.01856,0.0,0.0,65003,576851,251470,2.29
170031,1856,2022.07.30,0,0,1.70031,0.01856,0.0,0.0,65003,576851,251470,2.29
170031,1856,2022.07.31,0,0,1.70031,0.01856,0.0,0.0,65003,576851,251470,2.29
170031,1856,2022.08.01,0,0,1.70031,0.01856,0.0,0.0,65003,576851,251470,2.29
171322,1856,2022.08.02,1291,0,1.71322,0.01856,0.01291,0.0,65003,576851,251470,2.29
171322,1856,2022.08.03,0,0,1.71322,0.01856,0.0,0.0,65003,576851,251470,2.29
171322,1856,2022.08.04,0,0,1.71322,0.01856,0.0,0.0,65003,576851,251470,2.29
171322,1856,2022.08.06,0,0,1.71322,0.01856,0.0,0.0,65003,576851,251470,2.29
171322,1856,2022.08.07,0,0,1.71322,0.01856,0.0,0.0,65003,576851,251470,2.29
171322,1856,2022.08.08,0,0,1.71322,0.01856,0.0,0.0,65003,576851,251470,2.29
172473,1865,2022.08.09,1151,9,1.72473,0.01865,0.01151,9e-05,65003,576851,251470,2.29
172473,1865,2022.08.10,0,0,1.72473,0.01865,0.0,0.0,65003,576851,251470,2.29
172473,1865,2022.08.11,0,0,1.72473,0.01865,0.0,0.0,65003,576851,251470,2.29
172473,1865,2022.08.12,0,0,1.72473,0.01865,0.0,0.0,65003,576851,251470,2.29
172473,1865,2022.08.13,0,0,1.72473,0.01865,0.0,0.0,65003,576851,251470,2.29
172473,1865,2022.08.14,0,0,1.72473,0.01865,0.0,0.0,65003,576851,251470,2.29
172473,1865,2022.08.15,0,0,1.72473,0.01865,0.0,0.0,65003,576851,251470,2.29
173487,1871,2022.08.16,1014,6,1.73487,0.01871,0.01014,6e-05,65003,576851,251470,2.29
173487,1871,2022.08.17,0,0,1.73487,0.01871,0.0,0.0,65003,576851,251470,2.29
173487,1871,2022.08.18,0,0,1.73487,0.01871,0.0,0.0,65003,576851,251470,2.29
173487,1871,2022.08.19,0,0,1.73487,0.01871,0.0,0.0,65003,576851,251470,2.29
173487,1871,2022.08.20,0,0,1.73487,0.01871,0.0,0.0,65003,576851,251470,2.29
173487,1871,2022.08.21,0,0,1.73487,0.01871,0.0,0.0,65003,576851,251470,2.29
173487,1871,2022.08.22,0,0,1.73487,0.01871,0.0,0.0,65003,576851,251470,2.29
174213,1877,2022.08.23,726,6,1.74213,0.01877,0.00726,6e-05,65003,576851,251470,2.29
174213,1877,2022.08.24,0,0,1.74213,0.01877,0.0,0.0,65003,576851,251470,2.29
174213,1877,2022.08.25,0,0,1.74213,0.01877,0.0,0.0,65003,576851,251470,2.29
174213,1877,2022.08.26,0,0,1.74213,0.01877,0.0,0.0,65003,576851,251470,2.29
174213,1877,2022.08.27,0,0,1.74213,0.01877,0.0,0.0,65003,576851,251470,2.29
174213,1877,2022.08.28,0,0,1.74213,0.01877,0.0,0.0,65003,576851,251470,2.29
174213,1877,2022.08.29,0,0,1.74213,0.01877,0.0,0.0,65003,576851,251470,2.29
174828,1881,2022.08.30,615,4,1.74828,0.01881,0.00615,4e-05,65003,576851,251470,2.29
174828,1881,2022.08.31,0,0,1.74828,0.01881,0.0,0.0,65003,576851,251470,2.29
174828,1881,2022.09.01,0,0,1.74828,0.01881,0.0,0.0,65003,576851,251470,2.29
174828,1881,2022.09.02,0,0,1.74828,0.01881,0.0,0.0,65003,576851,251470,2.29
174828,1881,2022.09.03,0,0,1.74828,0.01881,0.0,0.0,65003,576851,251470,2.29
174828,1881,2022.09.04,0,0,1.74828,0.01881,0.0,0.0,65003,576851,251470,2.29
174828,1881,2022.09.05,0,0,1.74828,0.01881,0.0,0.0,65003,576851,251470,2.29
175290,1884,2022.09.06,462,3,1.7529,0.01884,0.00462,3e-05,65003,576851,251470,2.29
175290,1884,2022.09.07,0,0,1.7529,0.01884,0.0,0.0,65003,576851,251470,2.29
175290,1884,2022.09.08,0,0,1.7529,0.01884,0.0,0.0,65003,576851,251470,2.29
175290,1884,2022.09.09,0,0,1.7529,0.01884,0.0,0.0,65003,576851,251470,2.29
175290,1884,2022.09.10,0,0,1.7529,0.01884,0.0,0.0,65003,576851,251470,2.29
175290,1884,2022.09.11,0,0,1.7529,0.01884,0.0,0.0,65003,576851,251470,2.29
175290,1884,2022.09.12,0,0,1.7529,0.01884,0.0,0.0,65003,576851,251470,2.29
175746,1888,2022.09.13,456,4,1.75746,0.01888,0.00456,4e-05,65003,576851,251470,2.29
175746,1888,2022.09.14,0,0,1.75746,0.01888,0.0,0.0,65003,576851,251470,2.29
175746,1888,2022.09.15,0,0,1.75746,0.01888,0.0,0.0,65003,576851,251470,2.29
175746,1888,2022.09.16,0,0,1.75746,0.01888,0.0,0.0,65003,576851,251470,2.29
175746,1888,2022.09.17,0,0,1.75746,0.01888,0.0,0.0,65003,576851,251470,2.29
175746,1888,2022.09.18,0,0,1.75746,0.01888,0.0,0.0,65003,576851,251470,2.29
175746,1888,2022.09.19,0,0,1.75746,0.01888,0.0,0.0,65003,576851,251470,2.29
176256,1891,2022.09.20,510,3,1.76256,0.01891,0.0051,3e-05,65003,576851,251470,2.29
176256,1891,2022.09.21,0,0,1.76256,0.01891,0.0,0.0,65003,576851,251470,2.29
176256,1891,2022.09.22,0,0,1.76256,0.01891,0.0,0.0,65003,576851,251470,2.29
176256,1891,2022.09.23,0,0,1.76256,0.01891,0.0,0.0,65003,576851,251470,2.29
176256,1891,2022.09.24,0,0,1.76256,0.01891,0.0,0.0,65003,576851,251470,2.29
176256,1891,2022.09.25,0,0,1.76256,0.01891,0.0,0.0,65003,576851,251470,2.29
176256,1891,2022.09.26,0,0,1.76256,0.01891,0.0,0.0,65003,576851,251470,2.29
176728,1894,2022.09.27,472,3,1.76728,0.01894,0.00472,3e-05,65003,576851,251470,2.29
176728,1894,2022.09.28,0,0,1.76728,0.01894,0.0,0.0,65003,576851,251470,2.29
176728,1894,2022.09.29,0,0,1.76728,0.01894,0.0,0.0,65003,576851,251470,2.29
176728,1894,2022.09.30,0,0,1.76728,0.01894,0.0,0.0,65003,576851,251470,2.29
176728,1894,2022.10.01,0,0,1.76728,0.01894,0.0,0.0,65003,576851,251470,2.29
176728,1894,2022.10.02,0,0,1.76728,0.01894,0.0,0.0,65003,576851,251470,2.29
176728,1894,2022.10.03,0,0,1.76728,0.01894,0.0,0.0,65003,576851,251470,2.29
177165,1899,2022.10.04,437,5,1.77165,0.01899,0.00437,5e-05,65003,576851,251470,2.29
177165,1899,2022.10.05,0,0,1.77165,0.01899,0.0,0.0,65003,576851,251470,2.29
177165,1899,2022.10.06,0,0,1.77165,0.01899,0.0,0.0,65003,576851,251470,2.29
177165,1899,2022.10.07,0,0,1.77165,0.01899,0.0,0.0,65003,576851,251470,2.29
177165,1899,2022.10.08,0,0,1.77165,0.01899,0.0,0.0,65003,576851,251470,2.29
177165,1899,2022.10.09,0,0,1.77165,0.01899,0.0,0.0,65003,576851,251470,2.29
177165,1899,2022.10.10,0,0,1.77165,0.01899,0.0,0.0,65003,576851,251470,2.29
177635,1904,2022.10.11,470,5,1.77635,0.01904,0.0047,5e-05,65003,576851,251470,2.29
177635,1904,2022.10.12,0,0,1.77635,0.01904,0.0,0.0,65003,576851,251470,2.29
177635,1904,2022.10.13,0,0,1.77635,0.01904,0.0,0.0,65003,576851,251470,2.29
177635,1904,2022.10.14,0,0,1.77635,0.01904,0.0,0.0,65003,576851,251470,2.29
177635,1904,2022.10.15,0,0,1.77635,0.01904,0.0,0.0,65003,576851,251470,2.29
177635,1904,2022.10.16,0,0,1.77635,0.01904,0.0,0.0,65003,576851,251470,2.29
177635,1904,2022.10.17,0,0,1.77635,0.01904,0.0,0.0,65003,576851,251470,2.29
178032,1906,2022.10.18,397,2,1.78032,0.01906,0.00397,2e-05,65003,576851,251470,2.29
178032,1906,2022.10.19,0,0,1.78032,0.01906,0.0,0.0,65003,576851,251470,2.29
178032,1906,2022.10.20,0,0,1.78032,0.01906,0.0,0.0,65003,576851,251470,2.29
178032,1906,2022.10.21,0,0,1.78032,0.01906,0.0,0.0,65003,576851,251470,2.29
178032,1906,2022.10.22,0,0,1.78032,0.01906,0.0,0.0,65003,576851,251470,2.29
178032,1906,2022.10.23,0,0,1.78032,0.01906,0.0,0.0,65003,576851,251470,2.29
178032,1906,2022.10.24,0,0,1.78032,0.01906,0.0,0.0,65003,576851,251470,2.29
178444,1908,2022.10.25,412,2,1.78444,0.01908,0.00412,2e-05,65003,576851,251470,2.29
178444,1908,2022.10.26,0,0,1.78444,0.01908,0.0,0.0,65003,576851,251470,2.29
178444,1908,2022.10.27,0,0,1.78444,0.01908,0.0,0.0,65003,576851,251470,2.29
178444,1908,2022.10.28,0,0,1.78444,0.01908,0.0,0.0,65003,576851,251470,2.29
178444,1908,2022.10.29,0,0,1.78444,0.01908,0.0,0.0,65003,576851,251470,2.29
178444,1908,2022.10.30,0,0,1.78444,0.01908,0.0,0.0,65003,576851,251470,2.29
178444,1908,2022.10.31,0,0,1.78444,0.01908,0.0,0.0,65003,576851,251470,2.29
178866,1914,2022.11.01,422,6,1.78866,0.01914,0.00422,6e-05,65003,576851,251470,2.29
178866,1914,2022.11.02,0,0,1.78866,0.01914,0.0,0.0,65003,576851,251470,2.29
178866,1914,2022.11.03,0,0,1.78866,0.01914,0.0,0.0,65003,576851,251470,2.29
178866,1914,2022.11.04,0,0,1.78866,0.01914,0.0,0.0,65003,576851,251470,2.29
178866,1914,2022.11.05,0,0,1.78866,0.01914,0.0,0.0,65003,576851,251470,2.29
178866,1914,2022.11.06,0,0,1.78866,0.01914,0.0,0.0,65003,576851,251470,2.29
178866,1914,2022.11.07,0,0,1.78866,0.01914,0.0,0.0,65003,576851,251470,2.29
179366,1917,2022.11.08,500,3,1.79366,0.01917,0.005,3e-05,65003,576851,251470,2.29
179366,1917,2022.11.09,0,0,1.79366,0.01917,0.0,0.0,65003,576851,251470,2.29
179366,1917,2022.11.10,0,0,1.79366,0.01917,0.0,0.0,65003,576851,251470,2.29
179366,1917,2022.11.11,0,0,1.79366,0.01917,0.0,0.0,65003,576851,251470,2.29
179366,1917,2022.11.12,0,0,1.79366,0.01917,0.0,0.0,65003,576851,251470,2.29
179366,1917,2022.11.13,0,0,1.79366,0.01917,0.0,0.0,65003,576851,251470,2.29
179366,1917,2022.11.14,0,0,1.79366,0.01917,0.0,0.0,65003,576851,251470,2.29
179838,1924,2022.11.15,472,7,1.79838,0.01924,0.00472,7e-05,65003,576851,251470,2.29
179838,1924,2022.11.16,0,0,1.79838,0.01924,0.0,0.0,65003,576851,251470,2.29
179838,1924,2022.11.17,0,0,1.79838,0.01924,0.0,0.0,65003,576851,251470,2.29
179838,1924,2022.11.18,0,0,1.79838,0.01924,0.0,0.0,65003,576851,251470,2.29
179838,1924,2022.11.19,0,0,1.79838,0.01924,0.0,0.0,65003,576851,251470,2.29
179838,1924,2022.11.20,0,0,1.79838,0.01924,0.0,0.0,65003,576851,251470,2.29
179838,1924,2022.11.21,0,0,1.79838,0.01924,0.0,0.0,65003,576851,251470,2.29
180426,1931,2022.11.22,588,7,1.80426,0.01931,0.00588,7e-05,65003,576851,251470,2.29
180426,1931,2022.11.23,0,0,1.80426,0.01931,0.0,0.0,65003,576851,251470,2.29
180426,1931,2022.11.24,0,0,1.80426,0.01931,0.0,0.0,65003,576851,251470,2.29
180426,1931,2022.11.25,0,0,1.80426,0.01931,0.0,0.0,65003,576851,251470,2.29
180426,1931,2022.11.26,0,0,1.80426,0.01931,0.0,0.0,65003,576851,251470,2.29
180426,1931,2022.11.27,0,0,1.80426,0.01931,0.0,0.0,65003,576851,251470,2.29
180426,1931,2022.11.28,0,0,1.80426,0.01931,0.0,0.0,65003,576851,251470,2.29
180925,1938,2022.11.29,499,7,1.80925,0.01938,0.00499,7e-05,65003,576851,251470,2.29
180925,1938,2022.11.30,0,0,1.80925,0.01938,0.0,0.0,65003,576851,251470,2.29
180925,1938,2022.12.01,0,0,1.80925,0.01938,0.0,0.0,65003,576851,251470,2.29
180925,1938,2022.12.02,0,0,1.80925,0.01938,0.0,0.0,65003,576851,251470,2.29
180925,1938,2022.12.03,0,0,1.80925,0.01938,0.0,0.0,65003,576851,251470,2.29
180925,1938,2022.12.04,0,0,1.80925,0.01938,0.0,0.0,65003,576851,251470,2.29
180925,1938,2022.12.05,0,0,1.80925,0.01938,0.0,0.0,65003,576851,251470,2.29
181695,1938,2022.12.06,770,0,1.81695,0.01938,0.0077,0.0,65003,576851,251470,2.29
181695,1938,2022.12.07,0,0,1.81695,0.01938,0.0,0.0,65003,576851,251470,2.29
181695,1938,2022.12.08,0,0,1.81695,0.01938,0.0,0.0,65003,576851,251470,2.29
181695,1938,2022.12.09,0,0,1.81695,0.01938,0.0,0.0,65003,576851,251470,2.29
181695,1938,2022.12.10,0,0,1.81695,0.01938,0.0,0.0,65003,576851,251470,2.29
183586,1970,2023.01.20,1891,32,1.83586,0.0197,0.01891,0.00032,65003,576851,251470,2.29
183586,1970,2023.01.21,0,0,1.83586,0.0197,0.0,0.0,65003,576851,251470,2.29
183586,1970,2023.01.22,0,0,1.83586,0.0197,0.0,0.0,65003,576851,251470,2.29
183586,1970,2023.01.23,0,0,1.83586,0.0197,0.0,0.0,65003,576851,251470,2.29
183774,1977,2023.01.24,188,7,1.83774,0.01977,0.00188,7e-05,65003,576851,251470,2.29
183774,1977,2023.01.25,0,0,1.83774,0.01977,0.0,0.0,65003,576851,251470,2.29
183774,1977,2023.01.26,0,0,1.83774,0.01977,0.0,0.0,65003,576851,251470,2.29
183774,1977,2023.01.27,0,0,1.83774,0.01977,0.0,0.0,65003,576851,251470,2.29
183774,1977,2023.01.28,0,0,1.83774,0.01977,0.0,0.0,65003,576851,251470,2.29
183774,1977,2023.01.29,0,0,1.83774,0.01977,0.0,0.0,65003,576851,251470,2.29
183774,1977,2023.01.30,0,0,1.83774,0.01977,0.0,0.0,65003,576851,251470,2.29
183173,1979,2023.01.31,-601,2,1.83173,0.01979,-0.00601,2e-05,65003,576851,251470,2.29
183173,1979,2023.02.01,0,0,1.83173,0.01979,0.0,0.0,65003,576851,251470,2.29
183173,1979,2023.02.02,0,0,1.83173,0.01979,0.0,0.0,65003,576851,251470,2.29
183173,1979,2023.02.03,0,0,1.83173,0.01979,0.0,0.0,65003,576851,251470,2.29
183173,1979,2023.02.04,0,0,1.83173,0.01979,0.0,0.0,65003,576851,251470,2.29
183173,1979,2023.02.05,0,0,1.83173,0.01979,0.0,0.0,65003,576851,251470,2.29
183173,1979,2023.02.06,0,0,1.83173,0.01979,0.0,0.0,65003,576851,251470,2.29
184251,1994,2023.02.07,1078,15,1.84251,0.01994,0.01078,0.00015,65003,576851,251470,2.29
184251,1994,2023.02.08,0,0,1.84251,0.01994,0.0,0.0,65003,576851,251470,2.29
184251,1994,2023.02.09,0,0,1.84251,0.01994,0.0,0.0,65003,576851,251470,2.29
184251,1994,2023.02.10,0,0,1.84251,0.01994,0.0,0.0,65003,576851,251470,2.29
184251,1994,2023.02.11,0,0,1.84251,0.01994,0.0,0.0,65003,576851,251470,2.29
184251,1994,2023.02.12,0,0,1.84251,0.01994,0.0,0.0,65003,576851,251470,2.29
184251,1994,2023.02.13,0,0,1.84251,0.01994,0.0,0.0,65003,576851,251470,2.29
184505,1996,2023.02.14,254,2,1.84505,0.01996,0.00254,2e-05,65003,576851,251470,2.29
184505,1996,2023.02.15,0,0,1.84505,0.01996,0.0,0.0,65003,576851,251470,2.29
184505,1996,2023.02.16,0,0,1.84505,0.01996,0.0,0.0,65003,576851,251470,2.29
184505,1996,2023.02.17,0,0,1.84505,0.01996,0.0,0.0,65003,576851,251470,2.29
184505,1996,2023.02.18,0,0,1.84505,0.01996,0.0,0.0,65003,576851,251470,2.29
184505,1996,2023.02.19,0,0,1.84505,0.01996,0.0,0.0,65003,576851,251470,2.29
184505,1996,2023.02.20,0,0,1.84505,0.01996,0.0,0.0,65003,576851,251470,2.29
184816,1998,2023.02.21,311,2,1.84816,0.01998,0.00311,2e-05,65003,576851,251470,2.29
184816,1998,2023.02.22,0,0,1.84816,0.01998,0.0,0.0,65003,576851,251470,2.29
184816,1998,2023.02.23,0,0,1.84816,0.01998,0.0,0.0,65003,576851,251470,2.29
184816,1998,2023.02.24,0,0,1.84816,0.01998,0.0,0.0,65003,576851,251470,2.29
184816,1998,2023.02.25,0,0,1.84816,0.01998,0.0,0.0,65003,576851,251470,2.29
184816,1998,2023.02.26,0,0,1.84816,0.01998,0.0,0.0,65003,576851,251470,2.29
184816,1998,2023.02.27,0,0,1.84816,0.01998,0.0,0.0,65003,576851,251470,2.29
185159,2002,2023.02.28,343,4,1.85159,0.02002,0.00343,4e-05,65003,576851,251470,2.29
185159,2002,2023.03.01,0,0,1.85159,0.02002,0.0,0.0,65003,576851,251470,2.29
185159,2002,2023.03.02,0,0,1.85159,0.02002,0.0,0.0,65003,576851,251470,2.29
185159,2002,2023.03.03,0,0,1.85159,0.02002,0.0,0.0,65003,576851,251470,2.29
185159,2002,2023.03.04,0,0,1.85159,0.02002,0.0,0.0,65003,576851,251470,2.29
185159,2002,2023.03.05,0,0,1.85159,0.02002,0.0,0.0,65003,576851,251470,2.29
185159,2002,2023.03.06,0,0,1.85159,0.02002,0.0,0.0,65003,576851,251470,2.29
185385,2004,2023.03.07,226,2,1.85385,0.02004,0.00226,2e-05,65003,576851,251470,2.29
185385,2004,2023.03.08,0,0,1.85385,0.02004,0.0,0.0,65003,576851,251470,2.29
185385,2004,2023.03.09,0,0,1.85385,0.02004,0.0,0.0,65003,576851,251470,2.29
